CustomerID,StartDate,TenureMonths,ContractType,Channel,Region,MonthlyFee,AvgWeeklyUsage,SupportTickets_90d,LatePayments_12m,NPS,Churn_3m
C100000,2021-07-14,6,Mensal,Online,Alentejo,41.98,3.14,0,0,21,1
C100001,2021-06-10,46,Mensal,Parceiro,Algarve,29.98,1.01,1,0,43,0
C100002,2021-12-18,39,Mensal,Loja,Centro,34.91,5.14,1,0,-15,0
C100003,2023-05-23,26,Mensal,Online,Algarve,12.72,4.09,0,0,40,1
C100004,2022-03-07,26,Anual,Online,Alentejo,22.75,2.95,1,0,28,0
C100005,2023-05-15,51,Trimestral,Loja,Norte,29.65,0.0,0,1,6,0
C100006,2023-01-15,6,Trimestral,Online,Lisboa,23.42,1.23,0,0,51,1
C100007,2022-01-28,42,Mensal,Online,Algarve,37.72,3.9,0,1,-41,1
C100008,2023-03-23,12,Trimestral,Online,Centro,47.98,4.74,0,0,35,0
C100009,2021-11-10,6,Trimestral,Loja,Lisboa,22.59,4.57,0,0,74,0
C100010,2022-03-28,32,Mensal,Loja,Lisboa,25.3,0.25,0,0,68,1
C100011,2022-09-05,58,Trimestral,Online,Norte,33.88,3.28,0,0,37,0
C100012,2022-06-15,44,Trimestral,Online,Ilhas,44.89,4.42,0,0,16,0
C100013,2023-01-17,45,Anual,Loja,Norte,22.22,0.15,1,0,6,0
C100014,2021-05-27,43,Mensal,Loja,Norte,33.99,2.79,0,0,16,0
C100015,2022-03-25,47,Anual,Loja,Norte,46.57,3.24,0,0,41,0
C100016,2022-08-22,31,Mensal,Online,Lisboa,18.79,2.32,0,0,1,1
C100017,2021-10-25,8,Mensal,Loja,Algarve,21.75,0.0,1,0,48,0
C100018,2023-02-20,50,Mensal,Parceiro,Algarve,28.61,2.28,0,0,89,0
C100019,2021-09-29,27,Mensal,Loja,Ilhas,27.84,2.28,2,1,23,1
C100020,2021-09-29,30,Mensal,Online,Lisboa,38.5,2.56,2,0,-15,0
C100021,2021-10-21,22,Mensal,Loja,Lisboa,33.93,1.9,0,0,-15,0
C100022,2022-09-01,11,Trimestral,Online,Lisboa,17.8,2.09,0,0,48,0
C100023,2021-04-17,55,Mensal,Online,Norte,36.12,2.74,0,1,23,0
C100024,2021-05-09,47,Anual,Online,Algarve,27.38,3.51,0,0,51,0
C100025,2022-12-02,38,Mensal,Parceiro,Lisboa,42.2,2.31,0,1,9,0
C100026,2021-07-06,24,Trimestral,Online,Lisboa,26.98,2.14,0,0,50,0
C100027,2021-04-05,49,Anual,Parceiro,Lisboa,26.91,2.95,1,0,20,1
C100028,2021-08-26,33,Anual,Loja,Algarve,36.33,0.0,0,0,3,1
C100029,2021-12-25,27,Trimestral,Loja,Centro,38.1,3.56,0,0,13,0
C100030,2021-01-30,27,Trimestral,Online,Alentejo,35.58,2.8,0,0,-11,0
C100031,2023-01-22,14,Mensal,Loja,Alentejo,18.52,2.86,0,0,85,0
C100032,2021-04-16,6,Mensal,Online,Algarve,36.3,4.34,3,1,22,0
C100033,2021-12-30,33,Mensal,Loja,Norte,23.73,0.0,1,0,44,0
C100034,2021-07-01,53,Mensal,Online,Norte,33.88,0.0,0,0,9,0
C100035,2021-09-23,4,Mensal,Online,Lisboa,20.61,3.24,0,0,-7,0
C100036,2021-02-10,51,Mensal,Loja,Algarve,35.57,2.79,0,0,18,0
C100037,2023-05-04,49,Anual,Online,Ilhas,25.55,3.07,0,1,58,0
C100038,2023-04-24,17,Anual,Online,Lisboa,21.74,2.06,0,0,9,0
C100039,2021-04-24,38,Anual,Parceiro,Centro,37.71,3.86,1,0,-1,0
C100040,2021-06-27,10,Trimestral,Online,Centro,33.93,4.29,2,0,30,0
C100041,2023-03-08,45,Mensal,Online,Alentejo,27.09,3.57,1,0,40,0
C100042,2022-01-09,42,Mensal,Online,Centro,43.61,2.38,0,1,74,1
C100043,2021-02-25,21,Trimestral,Online,Lisboa,28.47,0.0,0,0,36,0
C100044,2021-05-03,5,Trimestral,Loja,Algarve,32.26,4.03,1,1,44,0
C100045,2022-01-08,58,Mensal,Online,Lisboa,34.15,4.75,0,1,47,0
C100046,2022-05-18,27,Mensal,Loja,Lisboa,27.04,3.83,1,0,-10,0
C100047,2022-07-23,53,Mensal,Loja,Norte,35.77,1.39,0,1,-4,0
C100048,2021-05-18,40,Mensal,Online,Centro,27.73,3.88,0,0,-8,1
C100049,2021-11-30,46,Mensal,Parceiro,Alentejo,28.71,4.18,0,0,-15,0
C100050,2021-08-23,45,Mensal,Parceiro,Lisboa,42.9,5.29,1,0,49,0
C100051,2022-04-27,12,Trimestral,Online,Norte,23.68,1.4,0,0,34,0
C100052,2021-10-17,22,Anual,Online,Norte,12.7,2.44,0,0,27,0
C100053,2021-07-03,28,Mensal,Online,Norte,44.89,4.0,0,0,-53,1
C100054,2023-01-04,30,Trimestral,Online,Alentejo,52.39,2.89,0,0,87,1
C100055,2022-05-28,3,Anual,Loja,Lisboa,28.76,1.01,0,0,-2,0
C100056,2022-03-03,33,Mensal,Loja,Lisboa,16.51,3.46,0,0,87,0
C100057,2021-05-02,10,Trimestral,Online,Lisboa,29.52,3.73,0,0,-18,0
C100058,2021-03-05,44,Mensal,Online,Norte,29.71,2.94,0,0,1,0
C100059,2022-12-18,41,Trimestral,Online,Lisboa,30.48,3.15,0,0,-41,1
C100060,2023-05-22,55,Mensal,Parceiro,Norte,23.09,2.39,1,0,36,1
C100061,2022-06-10,44,Anual,Parceiro,Ilhas,36.64,5.17,0,0,-8,0
C100062,2021-02-05,22,Anual,Online,Norte,36.2,1.36,1,0,-7,1
C100063,2022-03-10,58,Mensal,Loja,Lisboa,20.04,1.86,0,0,-16,1
C100064,2021-09-10,25,Mensal,Loja,Norte,37.59,2.82,1,0,48,0
C100065,2021-02-19,20,Mensal,Loja,Algarve,48.42,4.21,1,2,46,0
C100066,2021-05-09,54,Trimestral,Loja,Norte,33.38,0.4,1,2,79,1
C100067,2022-03-26,22,Trimestral,Parceiro,Ilhas,29.3,0.7,0,0,4,1
C100068,2022-01-20,5,Mensal,Online,Norte,30.86,0.0,0,0,32,1
C100069,2022-05-23,28,Anual,Online,Algarve,36.92,2.85,1,0,-14,0
C100070,2022-09-17,47,Mensal,Parceiro,Alentejo,18.15,1.01,1,0,15,0
C100071,2021-08-28,12,Mensal,Online,Centro,33.32,2.18,1,0,9,0
C100072,2021-09-15,28,Mensal,Online,Centro,28.88,3.86,1,0,39,0
C100073,2022-09-02,8,Mensal,Loja,Lisboa,46.78,1.77,0,1,56,0
C100074,2021-06-27,41,Mensal,Loja,Algarve,30.61,3.17,0,0,55,1
C100075,2021-03-11,29,Mensal,Loja,Algarve,45.34,2.32,0,0,0,0
C100076,2023-02-08,20,Mensal,Loja,Norte,23.17,3.88,0,0,55,0
C100077,2021-07-07,14,Anual,Loja,Lisboa,36.7,3.56,0,1,24,0
C100078,2021-04-19,34,Mensal,Online,Centro,34.56,1.69,0,0,15,0
C100079,2022-10-26,40,Anual,Loja,Norte,25.05,2.53,0,0,4,1
C100080,2022-04-24,56,Trimestral,Loja,Alentejo,33.42,4.47,0,0,8,0
C100081,2021-05-13,26,Trimestral,Parceiro,Centro,41.7,3.43,1,0,77,0
C100082,2023-02-05,10,Mensal,Online,Centro,29.41,0.56,2,1,34,1
C100083,2021-08-09,50,Trimestral,Online,Algarve,18.46,3.85,1,0,30,0
C100084,2022-09-01,38,Mensal,Loja,Algarve,31.86,1.06,1,0,17,0
C100085,2022-08-09,42,Mensal,Online,Algarve,24.78,5.06,0,0,98,0
C100086,2023-01-17,6,Mensal,Online,Norte,29.26,4.44,0,0,64,0
C100087,2022-10-18,19,Mensal,Loja,Ilhas,31.35,3.26,0,0,3,0
C100088,2022-09-25,46,Anual,Loja,Lisboa,18.35,3.05,1,0,17,1
C100089,2021-02-16,50,Anual,Online,Lisboa,19.07,2.47,2,0,19,0
C100090,2023-04-25,26,Trimestral,Online,Norte,35.86,3.89,0,1,29,0
C100091,2021-04-24,48,Mensal,Online,Algarve,27.82,2.21,1,0,4,1
C100092,2021-08-17,50,Anual,Loja,Lisboa,11.48,3.18,0,0,38,0
C100093,2022-02-06,23,Trimestral,Loja,Algarve,38.28,4.2,0,0,69,0
C100094,2021-09-17,53,Mensal,Online,Alentejo,34.18,1.9,1,0,-14,0
C100095,2022-06-18,18,Mensal,Online,Algarve,26.29,1.81,0,0,-9,0
C100096,2021-02-17,15,Trimestral,Online,Alentejo,21.47,0.89,0,0,11,0
C100097,2022-02-13,41,Mensal,Online,Ilhas,38.69,1.1,0,0,12,0
C100098,2021-11-11,38,Mensal,Online,Centro,34.79,0.0,0,0,85,0
C100099,2022-08-06,9,Trimestral,Loja,Centro,51.06,3.97,1,0,55,0
C100100,2022-04-13,50,Mensal,Online,Alentejo,35.36,5.69,0,0,53,0
C100101,2022-11-12,12,Mensal,Online,Lisboa,35.1,5.08,0,0,17,0
C100102,2021-05-29,48,Mensal,Loja,Lisboa,30.66,0.2,0,0,16,0
C100103,2023-05-05,1,Trimestral,Online,Alentejo,38.53,3.96,0,0,-19,0
C100104,2021-12-19,48,Anual,Online,Lisboa,37.0,5.08,0,1,48,0
C100105,2021-11-11,47,Anual,Online,Algarve,42.01,2.07,1,0,40,0
C100106,2022-05-09,47,Trimestral,Online,Centro,27.83,2.96,0,0,64,0
C100107,2021-05-27,40,Trimestral,Online,Algarve,28.52,0.0,0,0,19,0
C100108,2023-01-04,28,Trimestral,Loja,Norte,28.17,3.23,0,0,21,0
C100109,2021-08-26,42,Mensal,Online,Alentejo,38.33,1.1,0,0,30,0
C100110,2023-04-15,17,Mensal,Loja,Algarve,43.99,3.12,2,1,52,1
C100111,2021-05-14,47,Trimestral,Loja,Centro,28.33,0.3,1,0,-19,1
C100112,2023-02-17,33,Trimestral,Online,Centro,28.6,3.67,1,0,47,0
C100113,2021-12-21,28,Mensal,Online,Centro,34.51,4.44,0,0,24,1
C100114,2022-07-01,30,Anual,Online,Lisboa,30.03,1.55,0,1,-7,0
C100115,2023-02-25,34,Trimestral,Online,Lisboa,39.62,0.98,0,0,-38,1
C100116,2021-04-27,3,Mensal,Loja,Norte,13.99,0.0,0,0,21,1
C100117,2021-11-09,9,Mensal,Online,Algarve,25.39,2.37,0,0,68,0
C100118,2023-05-04,15,Mensal,Loja,Centro,25.74,1.87,1,0,75,0
C100119,2021-05-14,7,Mensal,Loja,Lisboa,13.44,0.32,0,0,36,0
C100120,2021-04-03,26,Mensal,Loja,Lisboa,24.29,3.52,0,0,84,1
C100121,2022-04-16,40,Mensal,Loja,Norte,24.68,2.08,1,0,24,0
C100122,2021-01-23,39,Mensal,Loja,Norte,30.39,1.08,0,0,54,1
C100123,2023-06-12,28,Mensal,Parceiro,Ilhas,40.9,1.91,0,0,11,0
C100124,2023-03-25,51,Trimestral,Parceiro,Alentejo,30.04,4.51,0,0,10,0
C100125,2021-06-19,34,Trimestral,Online,Norte,23.75,3.76,0,1,5,0
C100126,2021-06-05,5,Mensal,Online,Algarve,31.54,2.59,1,0,-37,0
C100127,2022-12-02,46,Mensal,Online,Lisboa,40.39,3.79,1,1,64,0
C100128,2022-04-14,34,Mensal,Online,Norte,24.19,0.94,1,0,6,1
C100129,2023-01-12,38,Mensal,Loja,Alentejo,24.72,2.85,0,0,1,0
C100130,2023-05-21,34,Mensal,Online,Lisboa,36.47,3.04,0,0,-10,1
C100131,2021-12-28,33,Mensal,Loja,Centro,30.23,2.05,0,0,19,1
C100132,2021-08-17,6,Mensal,Loja,Algarve,37.18,3.5,0,1,78,0
C100133,2022-07-12,33,Anual,Online,Centro,31.89,1.55,0,0,88,0
C100134,2022-07-26,47,Mensal,Loja,Centro,37.61,3.62,0,0,-25,0
C100135,2022-01-25,18,Anual,Online,Centro,23.72,3.68,0,0,14,0
C100136,2021-09-27,36,Mensal,Loja,Algarve,31.9,0.0,0,0,-6,1
C100137,2021-08-25,2,Mensal,Loja,Alentejo,30.31,4.7,0,0,55,1
C100138,2022-04-15,21,Anual,Online,Algarve,22.27,0.0,1,0,34,1
C100139,2022-01-19,26,Mensal,Loja,Centro,19.49,1.81,0,0,6,0
C100140,2022-02-16,58,Trimestral,Online,Algarve,37.49,4.44,0,0,27,0
C100141,2021-03-27,13,Anual,Loja,Lisboa,29.19,2.29,1,0,11,0
C100142,2023-03-04,17,Trimestral,Loja,Centro,23.82,0.45,1,0,73,1
C100143,2022-09-29,25,Mensal,Online,Norte,31.23,1.05,0,0,41,0
C100144,2023-04-08,59,Mensal,Loja,Algarve,41.02,4.44,0,0,45,0
C100145,2023-01-17,51,Mensal,Parceiro,Centro,13.75,0.0,0,0,-55,0
C100146,2022-07-11,3,Mensal,Loja,Alentejo,20.03,4.61,2,0,23,0
C100147,2021-10-04,14,Mensal,Loja,Lisboa,24.62,2.71,1,0,87,0
C100148,2022-08-12,49,Anual,Loja,Norte,43.69,0.89,0,0,65,0
C100149,2022-05-25,4,Trimestral,Online,Ilhas,34.26,1.87,0,0,-30,1
C100150,2023-04-12,51,Mensal,Loja,Algarve,38.14,1.17,0,0,16,1
C100151,2021-07-28,17,Mensal,Loja,Lisboa,22.88,4.19,1,0,-11,0
C100152,2021-01-24,55,Trimestral,Online,Alentejo,23.04,3.97,0,0,76,0
C100153,2021-04-25,18,Anual,Online,Lisboa,35.58,0.05,0,0,32,0
C100154,2021-06-07,26,Mensal,Online,Algarve,32.47,2.15,0,1,2,1
C100155,2022-08-21,40,Mensal,Online,Norte,36.39,1.42,0,0,26,0
C100156,2021-05-12,8,Anual,Online,Lisboa,30.5,4.87,1,0,-53,0
C100157,2021-05-01,33,Anual,Online,Centro,34.23,0.64,0,0,-8,0
C100158,2021-12-24,30,Anual,Loja,Lisboa,33.26,5.37,0,1,26,0
C100159,2022-12-05,47,Mensal,Online,Lisboa,38.22,2.75,0,0,50,0
C100160,2022-01-18,59,Mensal,Online,Norte,38.46,0.94,0,0,-33,1
C100161,2021-09-02,40,Mensal,Loja,Ilhas,19.04,1.72,2,0,14,1
C100162,2021-09-13,25,Mensal,Online,Norte,14.02,1.52,1,0,55,0
C100163,2023-01-07,24,Anual,Online,Norte,40.01,0.76,0,0,-19,0
C100164,2022-01-25,25,Mensal,Loja,Lisboa,41.5,2.95,1,0,32,0
C100165,2021-11-28,49,Trimestral,Parceiro,Lisboa,23.84,0.84,1,0,27,0
C100166,2022-11-28,19,Anual,Loja,Norte,17.12,0.0,0,1,76,0
C100167,2021-11-28,10,Anual,Online,Lisboa,32.79,2.19,0,0,18,0
C100168,2021-11-18,20,Trimestral,Online,Alentejo,39.45,0.0,0,0,20,0
C100169,2022-11-07,2,Anual,Parceiro,Norte,46.38,1.6,0,0,51,0
C100170,2021-10-22,7,Mensal,Loja,Ilhas,36.13,1.35,0,1,-15,0
C100171,2022-04-05,6,Mensal,Loja,Centro,29.03,1.41,0,0,18,0
C100172,2022-08-22,46,Mensal,Loja,Alentejo,24.85,6.0,0,1,11,0
C100173,2021-06-30,43,Anual,Online,Norte,32.09,2.89,0,0,21,0
C100174,2021-04-26,42,Anual,Online,Alentejo,29.61,3.19,0,0,50,0
C100175,2023-02-05,28,Mensal,Loja,Algarve,23.88,0.0,0,0,42,0
C100176,2021-09-25,43,Mensal,Parceiro,Norte,48.39,1.75,0,0,3,1
C100177,2021-11-03,10,Mensal,Online,Norte,46.28,3.14,0,0,29,0
C100178,2022-06-15,54,Mensal,Loja,Centro,41.09,1.16,0,1,70,0
C100179,2021-04-03,30,Anual,Online,Norte,24.63,4.25,0,1,0,0
C100180,2021-02-11,56,Mensal,Parceiro,Ilhas,38.84,0.88,1,0,29,1
C100181,2022-01-10,9,Trimestral,Online,Lisboa,37.12,2.34,0,1,19,0
C100182,2023-05-22,30,Trimestral,Loja,Lisboa,35.54,1.86,0,0,23,0
C100183,2022-06-01,42,Mensal,Online,Ilhas,42.0,3.06,2,0,-24,1
C100184,2022-06-05,30,Mensal,Loja,Algarve,37.08,1.78,0,0,67,1
C100185,2022-07-03,27,Anual,Loja,Algarve,37.92,2.37,0,1,2,1
C100186,2023-02-14,10,Trimestral,Online,Centro,37.1,2.42,1,0,56,0
C100187,2023-01-23,23,Mensal,Loja,Centro,34.73,1.62,0,0,6,1
C100188,2021-01-22,15,Mensal,Parceiro,Centro,17.73,3.58,2,0,6,1
C100189,2022-05-03,18,Anual,Parceiro,Centro,32.67,3.18,0,0,61,0
C100190,2022-05-07,41,Anual,Online,Lisboa,27.55,2.66,0,0,55,0
C100191,2021-07-21,38,Anual,Loja,Norte,21.76,2.11,0,0,31,0
C100192,2023-05-28,36,Trimestral,Loja,Lisboa,45.45,4.07,0,0,48,0
C100193,2021-08-24,22,Anual,Loja,Lisboa,45.83,2.42,2,1,16,0
C100194,2023-01-21,57,Mensal,Loja,Centro,42.87,2.31,0,0,25,0
C100195,2021-04-01,6,Trimestral,Loja,Norte,34.04,2.97,0,0,5,0
C100196,2022-06-26,21,Mensal,Online,Lisboa,42.81,5.51,0,0,52,0
C100197,2022-10-25,7,Trimestral,Online,Lisboa,32.1,0.66,1,0,4,0
C100198,2022-03-30,20,Anual,Online,Alentejo,33.62,4.03,0,0,70,0
C100199,2021-04-06,57,Anual,Online,Alentejo,23.25,0.0,0,0,16,1
C100200,2021-04-22,22,Mensal,Online,Centro,35.18,3.15,0,1,26,1
C100201,2022-06-30,54,Trimestral,Online,Norte,32.48,5.32,0,0,48,0
C100202,2023-02-16,30,Anual,Loja,Centro,21.58,3.58,1,1,26,0
C100203,2022-06-22,42,Anual,Loja,Norte,31.59,3.07,0,1,16,1
C100204,2021-04-01,27,Trimestral,Online,Lisboa,31.36,1.9,1,1,24,0
C100205,2022-12-08,16,Mensal,Loja,Ilhas,46.38,2.85,1,0,52,1
C100206,2022-02-18,46,Mensal,Parceiro,Centro,39.15,2.4,0,0,5,1
C100207,2021-03-09,58,Anual,Parceiro,Centro,32.09,1.54,1,0,21,0
C100208,2021-11-28,16,Trimestral,Loja,Alentejo,33.99,2.34,0,0,25,0
C100209,2021-07-02,46,Trimestral,Parceiro,Lisboa,32.35,3.12,0,1,51,0
C100210,2023-06-07,16,Trimestral,Loja,Norte,30.38,1.57,0,0,22,0
C100211,2023-03-30,43,Mensal,Parceiro,Norte,23.34,1.51,0,1,79,0
C100212,2021-04-06,47,Mensal,Parceiro,Ilhas,30.79,0.62,0,0,20,1
C100213,2022-05-31,27,Anual,Online,Norte,26.03,3.43,1,0,18,0
C100214,2021-01-07,44,Mensal,Parceiro,Alentejo,22.0,3.67,0,0,20,0
C100215,2022-02-16,17,Trimestral,Loja,Algarve,36.09,3.17,0,0,-14,0
C100216,2021-05-21,5,Trimestral,Loja,Centro,35.13,4.34,1,0,-6,0
C100217,2022-11-04,6,Anual,Parceiro,Alentejo,17.71,2.94,0,0,9,0
C100218,2021-03-06,27,Mensal,Online,Norte,31.02,3.43,0,0,59,0
C100219,2023-03-24,54,Trimestral,Online,Centro,39.97,3.29,1,0,24,0
C100220,2021-07-28,8,Mensal,Loja,Centro,40.47,2.65,0,0,10,1
C100221,2021-08-25,27,Mensal,Loja,Ilhas,40.21,1.95,1,0,62,0
C100222,2023-03-09,42,Mensal,Parceiro,Centro,32.31,6.34,0,0,72,0
C100223,2023-03-23,12,Mensal,Parceiro,Norte,25.24,2.08,0,0,63,1
C100224,2021-03-28,43,Anual,Loja,Ilhas,23.33,1.73,0,0,-1,1
C100225,2021-04-08,19,Anual,Parceiro,Norte,34.76,3.49,0,0,10,0
C100226,2023-02-08,48,Mensal,Online,Algarve,35.03,3.2,0,0,79,0
C100227,2023-05-30,35,Anual,Parceiro,Alentejo,42.3,0.55,0,1,32,1
C100228,2022-03-16,33,Mensal,Online,Lisboa,40.8,4.6,0,0,17,0
C100229,2021-05-29,11,Trimestral,Loja,Algarve,30.94,2.65,0,0,47,0
C100230,2021-05-18,28,Anual,Online,Alentejo,22.05,1.02,1,0,55,1
C100231,2021-08-28,51,Trimestral,Loja,Norte,29.45,4.7,0,1,8,0
C100232,2022-09-09,2,Mensal,Online,Ilhas,33.74,3.8,0,1,32,1
C100233,2021-03-28,45,Mensal,Online,Ilhas,30.38,0.78,0,0,53,0
C100234,2022-08-01,30,Mensal,Loja,Algarve,27.38,5.64,0,0,-10,0
C100235,2022-12-25,43,Anual,Loja,Lisboa,34.02,3.85,0,0,25,0
C100236,2021-05-10,40,Trimestral,Online,Lisboa,27.97,2.78,0,0,-8,1
C100237,2023-06-05,26,Mensal,Loja,Lisboa,26.98,5.34,1,0,-5,0
C100238,2023-06-08,19,Mensal,Online,Norte,34.49,3.05,0,0,8,0
C100239,2021-09-25,38,Anual,Online,Lisboa,28.78,2.76,0,1,39,0
C100240,2021-04-11,9,Mensal,Online,Lisboa,33.95,1.74,1,0,15,0
C100241,2021-10-21,35,Trimestral,Loja,Alentejo,34.19,3.73,1,1,6,0
C100242,2021-08-21,6,Trimestral,Loja,Centro,22.88,3.56,0,0,27,0
C100243,2021-09-09,39,Mensal,Loja,Lisboa,28.15,2.82,0,0,-9,0
C100244,2023-04-13,38,Mensal,Loja,Alentejo,43.5,1.54,0,0,38,0
C100245,2021-05-20,5,Mensal,Loja,Lisboa,22.7,3.01,1,0,59,0
C100246,2021-10-13,45,Mensal,Loja,Ilhas,15.07,2.69,1,0,23,0
C100247,2022-12-10,25,Trimestral,Parceiro,Alentejo,17.11,0.67,2,0,19,1
C100248,2021-02-21,47,Anual,Online,Norte,32.23,0.45,0,0,36,0
C100249,2021-02-24,3,Mensal,Online,Norte,32.25,3.7,1,0,-36,0
C100250,2021-09-29,11,Mensal,Online,Alentejo,31.06,0.0,1,0,41,1
C100251,2023-05-21,30,Mensal,Loja,Lisboa,41.71,3.13,0,0,100,0
C100252,2023-01-26,12,Mensal,Loja,Algarve,10.62,2.04,0,0,21,1
C100253,2023-04-15,20,Trimestral,Online,Norte,35.17,4.89,2,0,21,0
C100254,2023-02-17,39,Trimestral,Parceiro,Norte,44.49,2.01,2,0,47,0
C100255,2021-04-17,9,Trimestral,Parceiro,Lisboa,22.98,3.86,0,0,74,0
C100256,2021-12-27,40,Mensal,Online,Algarve,28.96,2.16,1,0,54,0
C100257,2022-04-22,7,Trimestral,Online,Ilhas,25.98,2.98,0,0,-40,0
C100258,2021-05-30,11,Mensal,Online,Algarve,24.85,3.98,1,0,42,0
C100259,2023-06-13,35,Anual,Online,Lisboa,29.39,2.06,2,0,100,0
C100260,2022-06-27,47,Trimestral,Parceiro,Algarve,43.42,4.39,0,0,44,0
C100261,2023-02-07,11,Anual,Loja,Norte,46.7,1.21,0,0,-10,0
C100262,2021-08-21,18,Mensal,Online,Lisboa,29.31,3.27,0,0,33,0
C100263,2022-10-06,55,Mensal,Loja,Ilhas,47.24,4.28,0,0,-13,0
C100264,2021-04-06,59,Trimestral,Online,Lisboa,32.28,3.86,0,0,62,0
C100265,2021-01-21,35,Mensal,Online,Ilhas,46.03,5.87,0,0,-4,0
C100266,2022-07-31,27,Trimestral,Online,Centro,31.25,1.58,0,0,27,0
C100267,2021-03-03,21,Mensal,Loja,Norte,33.05,0.59,0,0,-1,1
C100268,2021-09-06,37,Anual,Loja,Lisboa,34.92,1.21,0,0,9,0
C100269,2022-12-16,35,Mensal,Parceiro,Algarve,57.43,3.86,0,1,70,0
C100270,2022-03-24,18,Anual,Online,Centro,38.81,3.6,0,1,28,0
C100271,2021-12-05,2,Mensal,Loja,Algarve,26.34,2.96,1,0,8,0
C100272,2021-09-19,9,Mensal,Online,Norte,39.75,1.0,2,0,-9,1
C100273,2022-08-25,57,Mensal,Online,Algarve,29.11,4.03,0,0,-31,0
C100274,2023-05-09,25,Mensal,Parceiro,Lisboa,28.08,0.84,0,0,-13,0
C100275,2022-10-28,29,Anual,Loja,Norte,39.27,4.65,0,0,28,0
C100276,2021-11-20,28,Anual,Online,Alentejo,32.25,7.37,0,0,54,0
C100277,2022-01-15,47,Anual,Loja,Alentejo,34.23,3.39,0,0,8,0
C100278,2021-04-03,4,Anual,Loja,Lisboa,32.11,3.73,2,1,72,1
C100279,2021-05-10,5,Trimestral,Parceiro,Centro,34.69,2.01,0,0,3,0
C100280,2021-08-30,17,Mensal,Loja,Norte,35.4,0.0,0,0,18,1
C100281,2021-12-15,29,Anual,Online,Ilhas,16.5,1.84,1,0,-7,1
C100282,2023-06-11,40,Mensal,Loja,Alentejo,37.33,1.05,0,1,55,0
C100283,2023-02-23,29,Anual,Online,Algarve,24.14,0.48,0,1,88,0
C100284,2021-04-12,27,Mensal,Online,Alentejo,20.46,5.56,0,0,-28,0
C100285,2021-10-25,56,Trimestral,Loja,Algarve,31.53,3.24,0,0,15,0
C100286,2021-02-20,10,Mensal,Loja,Norte,32.67,3.41,0,0,63,0
C100287,2021-02-26,34,Mensal,Online,Lisboa,26.45,2.31,0,0,-18,1
C100288,2021-12-04,32,Mensal,Loja,Alentejo,38.65,2.52,0,0,42,0
C100289,2023-05-14,28,Mensal,Loja,Norte,21.26,4.34,0,1,62,0
C100290,2021-06-16,48,Mensal,Loja,Norte,28.74,2.75,0,1,27,0
C100291,2022-09-05,16,Mensal,Online,Alentejo,27.32,3.65,0,1,42,0
C100292,2021-12-20,57,Mensal,Online,Algarve,31.63,2.49,1,0,78,0
C100293,2022-05-02,20,Trimestral,Online,Alentejo,34.23,2.25,1,0,83,0
C100294,2023-02-22,33,Mensal,Online,Norte,23.94,0.55,0,0,23,1
C100295,2023-01-17,31,Anual,Online,Ilhas,37.79,0.0,1,1,9,0
C100296,2023-01-16,51,Mensal,Online,Norte,32.5,2.38,0,0,-3,0
C100297,2022-01-06,26,Trimestral,Online,Centro,16.86,2.89,0,0,54,0
C100298,2021-02-13,17,Mensal,Online,Ilhas,16.33,0.74,0,0,-16,1
C100299,2023-06-06,2,Mensal,Parceiro,Algarve,31.9,2.74,3,0,17,0
C100300,2023-06-14,22,Trimestral,Loja,Ilhas,30.23,2.89,0,0,28,0
C100301,2023-02-11,49,Trimestral,Online,Algarve,31.17,0.0,1,0,10,0
C100302,2022-03-06,1,Mensal,Parceiro,Alentejo,31.78,1.34,1,0,33,0
C100303,2021-09-10,53,Mensal,Online,Centro,33.8,3.45,0,0,100,0
C100304,2021-06-07,33,Mensal,Online,Centro,39.58,3.42,1,1,21,0
C100305,2021-11-30,9,Mensal,Loja,Ilhas,23.11,0.95,0,0,12,0
C100306,2021-10-28,18,Mensal,Online,Algarve,22.62,3.05,0,0,55,0
C100307,2021-09-06,33,Trimestral,Online,Lisboa,23.25,4.44,0,0,32,1
C100308,2023-05-06,19,Mensal,Online,Lisboa,34.31,4.04,1,0,68,0
C100309,2022-08-17,7,Trimestral,Loja,Centro,41.96,2.65,0,0,30,0
C100310,2021-07-20,40,Mensal,Loja,Centro,28.55,2.05,0,0,18,1
C100311,2022-07-30,40,Mensal,Online,Algarve,11.99,1.79,0,0,-29,1
C100312,2022-09-27,8,Mensal,Online,Norte,18.37,3.55,0,0,-24,0
C100313,2022-04-16,17,Mensal,Online,Lisboa,25.34,3.11,0,1,-30,0
C100314,2023-05-03,15,Mensal,Loja,Ilhas,27.54,3.81,3,0,36,0
C100315,2023-05-20,39,Anual,Online,Lisboa,28.73,3.01,0,0,-16,0
C100316,2022-01-24,44,Trimestral,Parceiro,Lisboa,32.31,4.11,1,0,63,0
C100317,2022-03-02,43,Mensal,Loja,Centro,29.51,2.95,0,0,26,1
C100318,2021-07-15,56,Mensal,Online,Norte,40.39,4.06,1,0,18,1
C100319,2022-12-07,46,Anual,Loja,Centro,26.59,4.19,1,0,0,0
C100320,2023-04-18,19,Mensal,Online,Norte,25.1,1.51,0,0,44,0
C100321,2022-08-16,7,Mensal,Online,Norte,35.83,0.0,0,0,1,0
C100322,2021-06-30,37,Anual,Online,Norte,19.71,5.27,0,1,-5,0
C100323,2022-04-12,55,Mensal,Loja,Centro,35.12,3.21,0,1,61,0
C100324,2022-12-17,58,Mensal,Loja,Norte,32.82,0.06,1,1,36,1
C100325,2021-02-07,14,Mensal,Parceiro,Ilhas,30.82,1.66,0,0,18,0
C100326,2022-06-16,14,Trimestral,Online,Norte,44.71,4.03,1,0,44,1
C100327,2022-08-15,3,Mensal,Online,Lisboa,27.02,2.35,1,0,25,0
C100328,2022-04-29,9,Trimestral,Loja,Algarve,48.48,1.98,1,0,36,0
C100329,2022-08-02,33,Mensal,Online,Norte,30.2,5.04,0,1,0,0
C100330,2023-03-18,33,Mensal,Online,Lisboa,21.78,1.12,0,0,87,0
C100331,2021-04-23,22,Mensal,Parceiro,Algarve,32.56,1.52,0,0,8,0
C100332,2022-05-29,19,Anual,Loja,Lisboa,23.39,3.14,1,1,72,0
C100333,2022-12-18,49,Mensal,Parceiro,Centro,25.99,3.42,0,0,19,0
C100334,2023-01-10,28,Trimestral,Online,Algarve,35.18,3.59,1,0,49,0
C100335,2022-02-25,48,Mensal,Online,Alentejo,36.44,4.26,0,0,47,1
C100336,2023-06-17,57,Mensal,Online,Lisboa,27.02,3.12,2,0,59,0
C100337,2021-10-19,19,Mensal,Parceiro,Norte,39.9,3.58,3,1,0,0
C100338,2022-02-01,12,Mensal,Online,Norte,41.26,2.39,0,0,57,0
C100339,2023-01-12,57,Mensal,Online,Algarve,43.49,2.9,0,0,80,0
C100340,2022-01-31,38,Anual,Online,Centro,36.24,2.97,1,0,17,1
C100341,2021-11-06,18,Anual,Loja,Norte,42.91,3.14,1,1,26,0
C100342,2022-05-16,37,Trimestral,Loja,Lisboa,16.95,4.04,0,0,9,0
C100343,2022-07-14,31,Trimestral,Loja,Ilhas,29.46,3.69,0,0,15,1
C100344,2023-05-23,54,Mensal,Online,Norte,25.06,2.87,0,1,76,0
C100345,2022-07-11,16,Trimestral,Loja,Norte,32.95,1.51,0,1,-5,0
C100346,2021-06-16,59,Mensal,Online,Lisboa,27.43,2.91,0,0,-3,0
C100347,2021-02-17,56,Anual,Online,Alentejo,30.67,2.76,1,0,73,0
C100348,2023-05-21,11,Anual,Online,Lisboa,47.06,3.11,0,0,44,0
C100349,2022-01-16,10,Mensal,Loja,Algarve,30.64,6.33,0,0,89,1
C100350,2021-07-01,32,Anual,Online,Norte,35.31,1.96,0,0,11,0
C100351,2021-07-20,3,Anual,Parceiro,Centro,30.14,3.48,0,0,29,0
C100352,2021-04-06,18,Mensal,Loja,Lisboa,32.61,4.51,1,0,5,0
C100353,2021-06-29,26,Anual,Online,Centro,32.05,2.96,0,0,29,0
C100354,2022-12-04,58,Mensal,Loja,Lisboa,35.59,6.54,0,0,-28,0
C100355,2022-08-13,59,Mensal,Loja,Algarve,41.32,2.2,0,0,46,0
C100356,2022-06-24,9,Mensal,Online,Centro,45.18,3.32,0,0,35,0
C100357,2021-01-11,53,Trimestral,Loja,Algarve,34.48,1.52,1,2,23,0
C100358,2022-08-29,6,Mensal,Online,Norte,36.72,2.24,1,0,13,0
C100359,2023-05-23,45,Anual,Online,Lisboa,22.79,3.2,0,0,-2,0
C100360,2023-04-11,50,Mensal,Loja,Lisboa,31.3,4.15,0,0,47,0
C100361,2021-12-22,53,Mensal,Loja,Lisboa,39.52,3.31,0,1,-10,1
C100362,2022-06-25,14,Trimestral,Online,Norte,38.93,4.81,1,0,40,0
C100363,2021-09-26,53,Mensal,Online,Ilhas,33.69,2.65,2,0,87,1
C100364,2023-03-11,7,Trimestral,Loja,Algarve,39.09,2.27,0,0,70,1
C100365,2023-04-08,31,Mensal,Online,Algarve,35.93,7.13,0,1,-20,0
C100366,2021-07-20,28,Anual,Parceiro,Algarve,41.6,3.43,0,0,9,0
C100367,2022-03-15,19,Trimestral,Loja,Norte,34.31,1.65,1,0,38,1
C100368,2021-08-01,2,Mensal,Parceiro,Lisboa,29.15,1.69,1,1,23,1
C100369,2022-07-07,46,Mensal,Online,Centro,34.69,1.29,0,1,-17,0
C100370,2021-09-21,20,Mensal,Loja,Algarve,10.0,4.3,1,0,37,0
C100371,2022-09-19,40,Anual,Online,Centro,35.06,2.22,1,1,25,0
C100372,2023-06-03,25,Trimestral,Online,Centro,10.0,3.0,3,0,82,0
C100373,2023-02-24,23,Mensal,Online,Alentejo,18.21,2.7,1,0,17,1
C100374,2021-06-13,53,Mensal,Online,Norte,35.61,3.97,1,0,60,1
C100375,2021-04-27,6,Anual,Parceiro,Algarve,35.82,1.45,0,0,-13,0
C100376,2023-01-04,44,Mensal,Loja,Centro,22.7,1.08,0,0,-6,0
C100377,2021-03-15,45,Trimestral,Loja,Alentejo,26.3,3.16,0,0,47,0
C100378,2021-12-27,23,Trimestral,Loja,Algarve,42.96,3.76,0,0,58,0
C100379,2023-06-14,16,Mensal,Loja,Lisboa,28.13,3.33,1,0,-4,1
C100380,2022-02-08,1,Mensal,Loja,Centro,49.94,1.5,1,0,26,0
C100381,2021-01-08,56,Mensal,Loja,Norte,31.98,3.88,1,0,-16,1
C100382,2023-05-28,56,Mensal,Loja,Norte,35.26,1.61,0,2,20,1
C100383,2022-09-30,15,Anual,Loja,Norte,44.93,1.97,1,0,50,0
C100384,2021-10-25,2,Trimestral,Online,Lisboa,33.05,1.29,1,0,12,0
C100385,2022-07-04,8,Anual,Parceiro,Centro,23.98,4.88,0,0,18,0
C100386,2022-07-06,4,Mensal,Online,Centro,31.12,3.81,1,0,-9,0
C100387,2022-05-13,50,Mensal,Online,Centro,31.72,3.77,1,0,6,1
C100388,2023-05-15,53,Trimestral,Parceiro,Ilhas,21.08,4.8,1,0,78,0
C100389,2022-12-09,10,Mensal,Online,Norte,29.95,7.3,0,0,27,0
C100390,2021-08-22,45,Mensal,Online,Centro,26.06,0.07,4,0,-5,0
C100391,2023-06-13,11,Mensal,Online,Lisboa,39.39,1.62,0,0,16,1
C100392,2023-05-17,22,Trimestral,Online,Norte,32.28,1.81,0,1,-23,1
C100393,2021-02-12,36,Trimestral,Parceiro,Ilhas,29.74,1.44,0,0,-5,1
C100394,2021-09-25,43,Mensal,Loja,Norte,31.15,1.08,0,0,66,1
C100395,2022-07-08,52,Anual,Loja,Alentejo,33.78,2.32,1,0,21,0
C100396,2023-03-02,3,Mensal,Parceiro,Lisboa,36.93,0.85,0,0,82,1
C100397,2022-10-08,12,Mensal,Loja,Algarve,24.0,3.34,0,0,22,0
C100398,2022-06-01,17,Mensal,Parceiro,Alentejo,23.67,2.88,0,0,24,0
C100399,2021-10-03,19,Anual,Online,Algarve,40.84,3.57,0,0,44,0
C100400,2021-03-29,59,Mensal,Loja,Lisboa,28.7,3.61,0,0,-55,0
C100401,2023-03-15,46,Mensal,Online,Lisboa,20.67,3.76,0,0,31,0
C100402,2022-04-25,19,Mensal,Online,Alentejo,35.55,2.2,0,0,24,0
C100403,2022-02-16,58,Trimestral,Loja,Lisboa,35.71,6.19,1,0,70,0
C100404,2023-06-01,30,Trimestral,Online,Lisboa,19.75,3.18,1,1,54,1
C100405,2021-05-29,30,Mensal,Loja,Centro,33.84,0.0,0,0,-9,0
C100406,2021-08-17,26,Anual,Loja,Centro,37.88,1.2,0,1,62,0
C100407,2023-02-08,9,Mensal,Online,Lisboa,35.0,0.02,1,0,17,1
C100408,2021-09-13,56,Mensal,Online,Norte,37.06,2.83,0,0,-2,0
C100409,2023-04-29,1,Trimestral,Loja,Lisboa,20.77,2.61,0,0,31,0
C100410,2023-02-12,11,Trimestral,Parceiro,Norte,34.65,2.05,1,0,19,0
C100411,2021-03-31,14,Mensal,Online,Lisboa,29.58,6.02,0,2,71,0
C100412,2022-02-16,17,Trimestral,Parceiro,Alentejo,28.14,3.68,1,0,35,0
C100413,2022-11-08,8,Mensal,Loja,Lisboa,38.96,3.96,0,0,31,0
C100414,2022-03-17,2,Trimestral,Loja,Alentejo,43.83,1.31,0,0,52,0
C100415,2021-07-13,40,Trimestral,Online,Norte,46.35,1.2,0,0,58,0
C100416,2021-02-10,58,Anual,Loja,Norte,42.52,2.86,1,0,49,0
C100417,2021-01-07,8,Mensal,Loja,Alentejo,31.12,3.08,0,0,68,1
C100418,2021-06-10,18,Trimestral,Online,Algarve,34.82,0.0,0,0,43,0
C100419,2021-08-23,30,Trimestral,Parceiro,Alentejo,38.13,2.51,0,0,30,0
C100420,2021-09-29,55,Mensal,Parceiro,Alentejo,32.97,2.82,1,0,62,0
C100421,2023-02-09,41,Mensal,Loja,Alentejo,33.05,2.46,1,0,22,0
C100422,2022-04-03,46,Anual,Loja,Algarve,38.59,1.5,0,1,26,0
C100423,2021-05-08,35,Mensal,Loja,Alentejo,31.53,1.94,0,0,77,0
C100424,2021-03-16,25,Trimestral,Loja,Algarve,26.17,2.52,1,0,74,0
C100425,2021-04-28,12,Mensal,Loja,Norte,28.68,2.95,0,0,25,0
C100426,2021-10-10,51,Anual,Online,Norte,37.07,3.77,1,2,11,0
C100427,2022-10-28,48,Mensal,Online,Lisboa,32.02,4.53,0,0,69,0
C100428,2021-02-14,2,Anual,Online,Lisboa,34.72,2.33,0,0,49,0
C100429,2022-01-01,43,Trimestral,Parceiro,Algarve,37.36,2.07,1,0,34,0
C100430,2022-02-07,5,Mensal,Online,Centro,29.0,3.5,0,0,15,1
C100431,2021-05-14,44,Trimestral,Parceiro,Centro,38.05,3.78,0,0,35,0
C100432,2021-02-22,49,Trimestral,Loja,Algarve,35.03,2.11,0,0,24,1
C100433,2021-07-27,8,Mensal,Online,Centro,22.12,4.06,0,0,5,0
C100434,2021-05-17,26,Mensal,Parceiro,Algarve,43.54,4.37,0,0,29,0
C100435,2022-12-17,8,Trimestral,Loja,Norte,27.99,4.87,0,0,33,0
C100436,2023-04-06,34,Trimestral,Online,Lisboa,18.76,5.65,0,0,14,0
C100437,2022-07-15,55,Mensal,Online,Lisboa,23.64,1.41,1,0,52,0
C100438,2022-11-14,5,Anual,Online,Centro,23.83,2.82,0,0,64,0
C100439,2022-11-16,24,Mensal,Online,Norte,32.42,2.82,2,0,54,0
C100440,2023-03-01,58,Mensal,Online,Centro,29.81,2.64,0,0,17,0
C100441,2021-03-29,18,Trimestral,Loja,Centro,29.31,1.76,0,0,48,1
C100442,2023-06-17,8,Mensal,Online,Centro,36.96,0.42,0,1,27,0
C100443,2022-02-17,29,Mensal,Online,Algarve,34.72,2.95,0,0,-12,1
C100444,2022-05-04,30,Mensal,Online,Norte,34.53,1.57,0,0,45,0
C100445,2022-12-19,40,Mensal,Online,Lisboa,35.28,2.94,0,0,29,0
C100446,2022-03-21,19,Mensal,Parceiro,Norte,36.93,1.53,0,0,100,0
C100447,2021-08-28,57,Trimestral,Online,Ilhas,15.14,1.04,0,0,69,0
C100448,2021-01-18,31,Mensal,Online,Algarve,29.08,3.17,0,0,46,0
C100449,2021-06-02,17,Anual,Loja,Ilhas,14.56,3.04,0,0,32,0
C100450,2021-03-17,57,Trimestral,Parceiro,Ilhas,32.29,3.73,2,0,30,0
C100451,2021-12-10,55,Mensal,Loja,Centro,31.96,6.3,0,0,-5,0
C100452,2022-12-03,30,Mensal,Loja,Alentejo,40.36,3.24,0,0,-27,1
C100453,2021-10-28,2,Trimestral,Parceiro,Centro,41.5,3.58,0,0,-1,0
C100454,2022-06-22,36,Mensal,Loja,Algarve,33.62,1.08,1,0,24,0
C100455,2021-06-16,33,Mensal,Parceiro,Lisboa,28.0,0.74,0,0,-38,0
C100456,2022-06-16,9,Anual,Online,Lisboa,35.88,5.33,0,0,9,0
C100457,2023-05-09,38,Trimestral,Loja,Ilhas,27.78,1.32,0,0,18,0
C100458,2021-10-11,50,Trimestral,Parceiro,Algarve,31.99,1.13,0,0,19,1
C100459,2022-03-11,7,Mensal,Parceiro,Ilhas,39.89,2.74,0,0,5,0
C100460,2023-05-17,43,Mensal,Loja,Norte,27.54,2.66,1,1,15,0
C100461,2022-07-02,9,Mensal,Loja,Centro,38.45,1.36,0,0,77,0
C100462,2021-12-26,45,Trimestral,Online,Centro,37.42,2.31,0,0,45,0
C100463,2021-04-19,25,Mensal,Loja,Lisboa,24.36,4.77,0,1,8,0
C100464,2023-04-24,1,Mensal,Online,Lisboa,39.79,1.51,0,1,23,1
C100465,2022-07-04,58,Mensal,Loja,Centro,37.59,0.57,0,0,24,0
C100466,2021-02-21,10,Trimestral,Loja,Algarve,32.82,4.31,1,0,2,0
C100467,2022-05-15,36,Trimestral,Online,Centro,25.9,3.59,0,0,2,1
C100468,2023-05-22,11,Mensal,Online,Alentejo,25.13,1.81,0,0,55,0
C100469,2023-04-19,56,Mensal,Online,Algarve,27.7,0.27,0,0,12,1
C100470,2021-06-26,44,Mensal,Loja,Lisboa,36.34,1.61,0,0,-8,1
C100471,2022-01-07,48,Mensal,Loja,Lisboa,24.35,2.71,1,1,24,0
C100472,2023-06-07,26,Mensal,Loja,Centro,35.5,4.67,0,0,29,0
C100473,2022-12-05,28,Mensal,Online,Norte,22.07,1.14,1,0,-34,1
C100474,2022-05-20,38,Trimestral,Loja,Algarve,30.37,2.66,0,2,24,1
C100475,2021-10-01,47,Trimestral,Loja,Lisboa,32.88,3.88,0,2,51,0
C100476,2022-11-18,50,Anual,Online,Norte,51.56,0.0,0,1,39,0
C100477,2022-06-06,2,Anual,Online,Ilhas,20.98,4.45,0,0,92,0
C100478,2022-04-17,40,Mensal,Loja,Alentejo,43.78,0.91,1,0,63,0
C100479,2023-04-15,7,Mensal,Online,Algarve,33.2,3.33,2,0,68,0
C100480,2021-12-06,17,Mensal,Online,Lisboa,35.29,3.19,2,0,100,0
C100481,2022-07-17,49,Trimestral,Online,Ilhas,32.95,4.54,2,0,48,0
C100482,2021-02-09,15,Mensal,Online,Centro,35.56,3.68,0,1,30,0
C100483,2022-10-03,48,Mensal,Online,Centro,30.77,0.0,0,1,54,0
C100484,2022-05-08,28,Mensal,Online,Algarve,43.63,1.54,1,0,8,1
C100485,2023-02-28,14,Mensal,Loja,Algarve,28.35,3.02,1,0,28,0
C100486,2021-10-27,20,Trimestral,Loja,Lisboa,41.06,2.49,1,1,6,0
C100487,2023-04-13,32,Trimestral,Online,Norte,26.85,3.56,1,0,37,0
C100488,2022-06-03,46,Mensal,Loja,Centro,31.52,4.06,2,0,5,0
C100489,2021-07-07,36,Anual,Loja,Algarve,23.42,3.77,0,0,4,0
C100490,2021-05-25,56,Mensal,Online,Algarve,35.64,2.46,0,0,37,0
C100491,2021-06-26,52,Mensal,Online,Centro,43.56,0.0,1,1,21,0
C100492,2021-09-29,45,Mensal,Online,Norte,31.38,2.07,1,0,-33,0
C100493,2022-05-11,36,Trimestral,Loja,Alentejo,30.42,3.47,0,0,-19,0
C100494,2023-02-21,18,Trimestral,Loja,Algarve,23.08,1.06,0,1,-9,0
C100495,2023-06-15,25,Mensal,Online,Lisboa,30.17,3.81,0,0,-1,1
C100496,2022-09-03,8,Anual,Loja,Lisboa,19.26,4.25,1,0,37,0
C100497,2022-03-18,23,Mensal,Parceiro,Ilhas,24.7,3.0,0,0,32,0
C100498,2022-07-06,55,Mensal,Online,Centro,33.81,0.0,1,0,57,1
C100499,2021-10-25,26,Trimestral,Loja,Lisboa,42.55,0.76,1,0,48,1
C100500,2021-08-09,7,Anual,Loja,Lisboa,54.47,5.82,0,0,57,0
C100501,2022-04-29,39,Trimestral,Loja,Lisboa,27.31,1.93,0,0,43,0
C100502,2023-01-15,57,Anual,Loja,Algarve,43.48,0.0,0,0,31,1
C100503,2021-02-27,52,Mensal,Loja,Lisboa,33.95,4.78,0,1,58,0
C100504,2021-04-10,17,Trimestral,Online,Lisboa,30.79,2.82,1,0,53,0
C100505,2021-06-09,27,Anual,Online,Norte,35.46,4.57,0,0,36,0
C100506,2021-07-08,32,Mensal,Loja,Alentejo,32.5,3.24,0,0,63,0
C100507,2021-05-15,15,Mensal,Online,Norte,32.88,3.53,0,0,-45,1
C100508,2021-04-28,16,Anual,Parceiro,Norte,28.73,3.38,1,0,16,0
C100509,2021-01-26,14,Mensal,Online,Lisboa,20.82,3.92,1,0,16,1
C100510,2021-11-10,59,Mensal,Loja,Lisboa,19.65,6.44,0,0,60,0
C100511,2022-10-12,45,Anual,Loja,Ilhas,37.23,4.35,0,0,72,0
C100512,2021-05-22,50,Anual,Online,Alentejo,29.79,0.27,0,0,-19,1
C100513,2021-10-20,49,Anual,Loja,Algarve,27.23,3.51,1,1,67,0
C100514,2023-05-26,57,Anual,Online,Centro,32.07,4.63,0,0,-10,0
C100515,2021-06-01,7,Mensal,Loja,Lisboa,38.36,4.72,0,0,-9,0
C100516,2023-06-08,53,Anual,Loja,Ilhas,33.44,2.12,0,0,18,1
C100517,2022-04-07,4,Mensal,Parceiro,Lisboa,26.75,4.66,2,1,15,0
C100518,2022-10-14,29,Trimestral,Loja,Algarve,41.81,4.28,1,0,-22,1
C100519,2021-10-19,36,Mensal,Parceiro,Lisboa,44.63,6.92,0,0,44,0
C100520,2021-10-20,22,Anual,Parceiro,Centro,35.96,1.6,1,0,45,0
C100521,2021-12-20,9,Trimestral,Online,Lisboa,39.79,1.99,2,1,57,0
C100522,2021-04-26,12,Anual,Parceiro,Centro,41.94,2.31,2,0,12,1
C100523,2021-10-11,49,Mensal,Parceiro,Norte,41.04,2.02,0,0,24,0
C100524,2023-03-16,19,Mensal,Online,Centro,36.91,1.38,2,0,24,0
C100525,2021-01-04,19,Mensal,Loja,Centro,36.79,0.0,0,0,76,0
C100526,2022-05-30,55,Mensal,Online,Lisboa,36.16,2.1,1,0,-60,1
C100527,2022-09-12,9,Trimestral,Loja,Algarve,23.22,3.39,0,0,-4,1
C100528,2021-05-08,55,Mensal,Online,Lisboa,37.61,2.01,0,0,25,0
C100529,2021-04-10,55,Trimestral,Loja,Algarve,21.15,5.9,0,0,-8,0
C100530,2022-05-13,36,Mensal,Online,Lisboa,25.64,2.82,0,0,17,0
C100531,2021-07-17,10,Mensal,Loja,Norte,42.43,4.87,0,1,21,0
C100532,2023-05-31,10,Trimestral,Online,Centro,38.72,3.22,0,0,5,1
C100533,2021-06-21,17,Mensal,Loja,Ilhas,43.9,4.12,1,0,27,0
C100534,2021-04-28,35,Mensal,Loja,Lisboa,29.83,3.25,0,1,44,0
C100535,2021-10-26,10,Mensal,Loja,Ilhas,22.78,4.99,0,0,18,0
C100536,2021-10-26,27,Mensal,Online,Centro,30.08,2.89,0,0,11,0
C100537,2021-05-25,7,Trimestral,Online,Alentejo,32.82,3.59,0,0,20,0
C100538,2022-08-22,32,Mensal,Online,Algarve,32.63,3.39,0,0,25,0
C100539,2021-11-09,2,Mensal,Parceiro,Ilhas,41.07,2.34,0,0,-27,0
C100540,2022-04-20,42,Trimestral,Online,Norte,29.11,3.45,0,0,39,0
C100541,2021-08-07,4,Mensal,Loja,Ilhas,34.82,6.38,0,1,11,0
C100542,2021-03-28,12,Trimestral,Online,Lisboa,24.09,2.37,0,0,63,0
C100543,2021-02-25,11,Mensal,Loja,Algarve,35.6,3.47,2,0,43,0
C100544,2021-02-17,50,Anual,Online,Lisboa,32.02,4.81,0,2,60,0
C100545,2023-02-23,4,Mensal,Loja,Lisboa,26.0,4.62,0,0,-5,0
C100546,2021-08-26,26,Mensal,Online,Lisboa,30.11,2.82,0,0,14,0
C100547,2021-10-03,35,Anual,Online,Algarve,30.53,0.0,0,1,-12,0
C100548,2022-06-06,31,Trimestral,Online,Centro,29.84,3.63,0,0,4,0
C100549,2021-03-27,41,Trimestral,Online,Lisboa,46.17,0.0,0,0,63,0
C100550,2022-06-25,48,Anual,Loja,Lisboa,31.21,5.15,0,2,70,0
C100551,2022-04-15,24,Mensal,Parceiro,Algarve,30.05,3.07,1,0,-9,1
C100552,2022-12-14,49,Anual,Loja,Lisboa,15.22,4.4,1,1,11,0
C100553,2021-04-21,19,Trimestral,Parceiro,Alentejo,24.85,1.36,0,0,23,1
C100554,2021-01-16,59,Mensal,Loja,Lisboa,29.9,0.32,0,0,43,0
C100555,2022-11-27,30,Mensal,Online,Alentejo,26.51,3.22,1,1,-28,0
C100556,2021-11-30,44,Mensal,Online,Alentejo,43.05,2.75,0,0,-23,0
C100557,2021-02-25,52,Anual,Online,Alentejo,30.68,2.01,0,0,40,0
C100558,2022-05-16,47,Mensal,Online,Algarve,42.31,2.94,1,0,-33,0
C100559,2022-02-23,51,Mensal,Parceiro,Lisboa,32.49,7.23,0,0,12,0
C100560,2023-05-06,32,Trimestral,Loja,Centro,32.3,4.14,0,0,30,0
C100561,2023-04-30,3,Trimestral,Loja,Alentejo,31.29,4.48,0,0,37,0
C100562,2022-05-01,30,Mensal,Loja,Norte,32.03,4.15,0,1,21,0
C100563,2021-05-24,11,Anual,Online,Centro,45.75,5.17,0,0,14,0
C100564,2022-11-05,53,Mensal,Loja,Algarve,13.44,2.5,0,1,50,0
C100565,2021-07-01,14,Anual,Online,Lisboa,15.99,0.0,1,0,34,0
C100566,2023-01-25,14,Mensal,Online,Lisboa,27.65,2.5,1,1,6,0
C100567,2022-06-25,15,Mensal,Online,Ilhas,32.12,4.1,1,0,26,0
C100568,2021-11-15,38,Trimestral,Online,Centro,37.52,1.25,0,0,36,1
C100569,2023-06-01,34,Mensal,Loja,Norte,35.78,2.52,0,1,77,0
C100570,2022-04-08,56,Mensal,Online,Norte,28.93,1.69,1,0,49,0
C100571,2021-12-14,25,Mensal,Online,Centro,40.15,5.2,1,1,61,0
C100572,2021-06-20,17,Trimestral,Parceiro,Alentejo,40.24,4.0,0,0,7,1
C100573,2022-08-07,3,Anual,Parceiro,Algarve,33.47,3.84,0,0,9,0
C100574,2021-08-31,1,Anual,Loja,Lisboa,39.7,3.79,0,0,18,0
C100575,2021-05-18,23,Anual,Loja,Centro,34.18,2.74,0,0,21,0
C100576,2021-04-17,55,Anual,Loja,Lisboa,27.51,3.12,0,0,-5,0
C100577,2022-08-01,31,Mensal,Online,Norte,37.58,0.9,0,0,63,0
C100578,2023-04-09,53,Mensal,Online,Alentejo,32.88,0.0,0,0,52,1
C100579,2021-08-16,6,Anual,Online,Lisboa,32.01,3.04,0,0,16,1
C100580,2021-07-15,6,Anual,Online,Norte,43.78,3.32,1,0,44,1
C100581,2022-07-06,50,Anual,Parceiro,Algarve,12.39,4.73,1,0,32,0
C100582,2021-05-09,7,Trimestral,Loja,Algarve,20.66,5.31,0,0,47,0
C100583,2021-03-21,4,Mensal,Parceiro,Centro,22.5,5.31,0,0,-15,0
C100584,2022-07-28,24,Anual,Loja,Alentejo,29.09,1.2,1,0,21,0
C100585,2022-04-18,55,Anual,Loja,Lisboa,29.96,2.24,1,0,23,0
C100586,2021-01-26,41,Trimestral,Loja,Norte,19.94,3.57,0,0,44,0
C100587,2021-08-02,6,Anual,Loja,Centro,24.12,6.85,0,1,6,0
C100588,2021-06-28,50,Trimestral,Loja,Alentejo,25.11,5.17,0,0,-50,1
C100589,2022-09-06,50,Anual,Online,Ilhas,51.66,4.59,0,0,-7,0
C100590,2022-08-23,48,Mensal,Loja,Lisboa,46.41,2.18,0,0,23,0
C100591,2022-11-04,54,Anual,Online,Lisboa,28.71,1.39,0,0,27,0
C100592,2021-03-31,15,Mensal,Loja,Alentejo,29.09,4.06,0,0,76,0
C100593,2023-02-03,58,Mensal,Online,Lisboa,22.81,1.04,0,0,42,0
C100594,2021-07-08,19,Mensal,Loja,Norte,16.73,2.42,1,1,27,0
C100595,2023-06-13,48,Mensal,Online,Lisboa,31.06,2.62,0,0,24,0
C100596,2023-02-24,35,Mensal,Online,Algarve,24.02,5.35,1,0,58,0
C100597,2022-02-18,46,Anual,Loja,Algarve,31.32,2.23,0,0,7,1
C100598,2022-12-09,38,Trimestral,Online,Ilhas,19.2,0.0,1,1,21,1
C100599,2022-08-27,38,Anual,Parceiro,Norte,25.9,3.61,1,1,-8,0
C100600,2022-11-28,37,Mensal,Online,Lisboa,33.19,1.68,1,1,68,1
C100601,2021-01-17,46,Mensal,Online,Lisboa,34.93,2.87,3,1,37,0
C100602,2021-03-17,44,Trimestral,Online,Centro,35.34,2.66,0,0,4,0
C100603,2023-03-26,8,Trimestral,Loja,Centro,21.44,2.36,0,0,22,0
C100604,2022-12-05,49,Mensal,Loja,Algarve,38.84,4.06,0,0,40,0
C100605,2022-07-09,32,Anual,Online,Alentejo,25.6,0.35,0,0,17,0
C100606,2021-10-09,20,Anual,Online,Alentejo,37.06,1.97,1,0,9,0
C100607,2022-01-15,31,Trimestral,Loja,Centro,31.91,3.89,0,0,5,0
C100608,2021-12-20,58,Anual,Parceiro,Lisboa,20.99,1.82,0,1,35,1
C100609,2022-01-26,51,Trimestral,Online,Norte,29.47,0.23,0,1,14,0
C100610,2022-07-20,50,Trimestral,Online,Norte,34.92,3.87,0,0,11,0
C100611,2022-11-14,28,Mensal,Online,Lisboa,36.9,4.6,0,1,-15,1
C100612,2021-12-12,47,Mensal,Online,Centro,30.87,2.73,1,0,27,0
C100613,2023-01-21,23,Mensal,Loja,Ilhas,44.25,0.0,0,1,20,0
C100614,2021-03-23,41,Trimestral,Parceiro,Lisboa,40.06,3.93,0,1,15,1
C100615,2022-12-29,38,Trimestral,Parceiro,Norte,29.95,0.14,0,0,31,0
C100616,2022-09-01,15,Mensal,Loja,Norte,38.0,3.29,2,0,47,0
C100617,2022-04-05,16,Trimestral,Online,Alentejo,47.47,1.38,1,0,46,0
C100618,2021-12-04,4,Mensal,Parceiro,Norte,47.68,0.94,0,0,42,0
C100619,2021-12-01,9,Mensal,Online,Centro,22.18,2.09,1,0,18,1
C100620,2021-11-21,26,Anual,Online,Lisboa,24.59,2.51,0,0,8,0
C100621,2023-05-01,29,Mensal,Loja,Centro,43.88,1.77,0,1,-6,0
C100622,2021-01-25,10,Mensal,Online,Lisboa,23.53,3.74,0,0,7,0
C100623,2022-07-25,25,Mensal,Loja,Lisboa,21.42,2.09,0,0,26,1
C100624,2023-06-10,36,Mensal,Parceiro,Norte,28.11,4.37,0,0,1,0
C100625,2022-05-05,14,Trimestral,Loja,Algarve,35.36,3.25,0,0,28,0
C100626,2022-07-30,20,Anual,Loja,Lisboa,31.18,1.68,0,0,-4,1
C100627,2022-06-23,22,Trimestral,Online,Lisboa,26.8,1.41,1,0,-25,1
C100628,2022-04-01,30,Trimestral,Online,Norte,26.61,0.16,1,0,50,0
C100629,2022-07-21,22,Mensal,Loja,Lisboa,26.3,3.27,0,0,11,0
C100630,2023-03-25,44,Trimestral,Loja,Centro,24.96,2.23,0,0,0,1
C100631,2022-10-04,20,Mensal,Parceiro,Lisboa,50.25,0.0,1,1,-8,0
C100632,2023-02-04,26,Mensal,Online,Centro,34.38,1.94,1,0,38,0
C100633,2022-05-13,23,Anual,Online,Ilhas,39.09,1.36,0,0,66,1
C100634,2022-11-28,11,Mensal,Online,Centro,28.09,5.32,0,0,13,0
C100635,2023-02-27,41,Mensal,Loja,Ilhas,30.51,0.08,0,0,19,0
C100636,2021-07-10,14,Mensal,Loja,Ilhas,26.29,0.49,0,0,57,0
C100637,2023-02-13,18,Anual,Parceiro,Lisboa,10.79,4.58,0,1,-29,1
C100638,2022-09-10,47,Mensal,Online,Centro,20.98,4.97,0,0,84,0
C100639,2022-02-03,56,Mensal,Loja,Lisboa,17.52,1.61,0,0,98,0
C100640,2022-11-28,40,Anual,Online,Ilhas,14.0,1.79,0,0,-56,0
C100641,2021-06-01,55,Mensal,Online,Lisboa,22.44,3.79,0,0,22,0
C100642,2022-09-21,51,Anual,Online,Lisboa,42.6,0.0,0,0,3,1
C100643,2022-06-03,29,Mensal,Loja,Norte,31.64,0.0,0,1,17,0
C100644,2023-03-11,46,Trimestral,Loja,Algarve,42.32,2.35,0,0,12,0
C100645,2022-07-13,20,Anual,Online,Norte,35.29,5.28,0,0,49,0
C100646,2022-04-19,28,Mensal,Loja,Norte,38.26,2.1,0,0,22,0
C100647,2022-04-17,32,Trimestral,Loja,Centro,24.79,2.96,1,2,-2,0
C100648,2022-05-15,57,Mensal,Online,Lisboa,36.19,4.61,0,0,20,0
C100649,2023-03-13,51,Trimestral,Online,Algarve,37.83,6.17,1,0,40,0
C100650,2022-12-08,29,Anual,Loja,Algarve,27.39,1.88,0,0,-11,0
C100651,2021-03-25,39,Trimestral,Loja,Centro,36.48,2.77,2,0,-24,0
C100652,2022-04-25,12,Anual,Loja,Lisboa,36.53,5.72,0,0,85,0
C100653,2021-09-16,48,Trimestral,Online,Algarve,27.6,0.36,0,0,6,1
C100654,2021-05-29,33,Trimestral,Loja,Lisboa,23.02,4.44,2,0,21,0
C100655,2023-02-19,32,Mensal,Parceiro,Norte,22.53,1.17,0,1,13,1
C100656,2023-02-11,46,Trimestral,Online,Lisboa,32.69,2.96,0,1,41,1
C100657,2023-04-26,38,Anual,Online,Lisboa,34.62,2.41,0,0,78,0
C100658,2021-12-21,5,Trimestral,Parceiro,Ilhas,25.66,1.27,1,0,42,0
C100659,2022-01-19,18,Mensal,Online,Alentejo,32.21,1.23,0,0,-21,0
C100660,2022-12-02,11,Mensal,Loja,Norte,36.56,3.24,0,0,-17,1
C100661,2021-06-23,44,Trimestral,Parceiro,Alentejo,36.95,4.39,0,0,13,0
C100662,2021-02-18,3,Anual,Online,Centro,44.42,2.59,0,0,17,0
C100663,2022-01-14,12,Mensal,Loja,Algarve,42.22,2.91,0,1,-27,1
C100664,2022-07-21,36,Mensal,Loja,Lisboa,23.99,3.71,0,0,50,0
C100665,2022-02-15,41,Mensal,Parceiro,Centro,45.47,1.25,1,0,-8,0
C100666,2021-07-10,30,Mensal,Parceiro,Lisboa,27.75,3.98,0,1,70,0
C100667,2022-04-13,51,Anual,Parceiro,Centro,40.36,4.11,0,0,80,0
C100668,2023-04-29,55,Mensal,Online,Centro,32.54,6.97,0,0,18,0
C100669,2021-09-04,8,Mensal,Loja,Lisboa,28.7,2.2,0,0,38,0
C100670,2021-12-27,57,Mensal,Parceiro,Algarve,17.54,2.07,0,0,-12,1
C100671,2021-10-09,37,Mensal,Loja,Algarve,30.63,4.03,0,0,44,0
C100672,2021-09-22,38,Anual,Loja,Lisboa,19.52,4.11,0,1,10,0
C100673,2022-08-14,6,Mensal,Online,Norte,39.74,1.94,0,0,-8,1
C100674,2021-12-04,37,Mensal,Parceiro,Lisboa,44.13,2.15,0,0,16,1
C100675,2022-07-14,43,Mensal,Online,Lisboa,25.62,3.67,0,0,11,1
C100676,2021-01-18,35,Anual,Online,Centro,34.42,1.48,0,0,15,0
C100677,2022-08-19,5,Anual,Parceiro,Algarve,26.2,2.14,0,0,53,1
C100678,2021-04-05,31,Mensal,Parceiro,Ilhas,26.97,2.94,0,0,1,1
C100679,2021-12-06,56,Trimestral,Parceiro,Norte,38.2,4.39,0,0,77,0
C100680,2023-02-25,43,Mensal,Loja,Algarve,31.69,1.83,0,0,-15,0
C100681,2021-10-30,9,Trimestral,Online,Alentejo,45.92,0.0,0,1,73,0
C100682,2022-09-21,57,Mensal,Loja,Centro,28.14,0.0,3,0,-5,0
C100683,2021-11-13,57,Anual,Online,Alentejo,39.99,0.78,0,1,25,0
C100684,2023-03-24,10,Anual,Parceiro,Norte,32.78,0.7,0,0,10,0
C100685,2023-05-07,48,Mensal,Loja,Norte,38.37,2.55,0,1,15,1
C100686,2023-03-30,24,Mensal,Online,Ilhas,28.42,0.9,0,0,49,0
C100687,2021-12-22,36,Mensal,Online,Alentejo,31.6,1.68,0,1,70,1
C100688,2021-10-13,27,Mensal,Online,Centro,31.08,1.56,0,0,61,0
C100689,2022-06-30,47,Mensal,Parceiro,Lisboa,25.31,2.1,0,0,13,1
C100690,2023-01-06,59,Mensal,Loja,Ilhas,37.3,4.92,0,0,31,0
C100691,2022-04-16,47,Anual,Online,Lisboa,37.2,3.86,1,0,2,0
C100692,2022-10-27,55,Mensal,Online,Algarve,36.75,2.83,1,1,-5,0
C100693,2023-02-28,56,Anual,Online,Algarve,44.3,2.06,0,0,-9,1
C100694,2022-11-08,6,Mensal,Online,Centro,43.59,2.11,0,0,12,0
C100695,2021-11-29,15,Mensal,Parceiro,Alentejo,29.0,3.32,0,0,32,0
C100696,2021-08-13,43,Mensal,Loja,Alentejo,34.98,3.73,0,0,-32,1
C100697,2022-01-26,35,Anual,Online,Algarve,27.01,1.35,0,1,24,0
C100698,2022-06-02,3,Mensal,Loja,Lisboa,32.19,2.86,0,0,70,0
C100699,2023-01-29,6,Mensal,Online,Norte,27.2,0.0,0,0,59,0
C100700,2021-09-28,31,Trimestral,Online,Norte,44.96,3.14,0,0,7,0
C100701,2021-05-25,37,Trimestral,Loja,Lisboa,34.91,4.02,1,0,-17,0
C100702,2021-10-11,10,Trimestral,Online,Algarve,30.26,2.35,0,0,39,0
C100703,2022-06-19,11,Mensal,Loja,Algarve,41.55,5.71,0,0,-45,0
C100704,2021-07-28,8,Mensal,Loja,Lisboa,14.64,1.39,0,0,58,0
C100705,2021-12-26,34,Anual,Parceiro,Norte,15.89,3.15,0,1,19,1
C100706,2021-08-20,1,Trimestral,Online,Norte,38.37,2.74,0,0,80,1
C100707,2023-06-07,34,Trimestral,Loja,Algarve,32.48,2.64,1,0,-27,0
C100708,2022-04-07,29,Mensal,Online,Lisboa,34.0,2.62,0,0,53,0
C100709,2022-10-12,28,Mensal,Loja,Algarve,21.39,2.97,0,1,22,0
C100710,2022-04-14,41,Anual,Online,Norte,31.81,4.16,3,0,15,0
C100711,2021-01-10,31,Trimestral,Loja,Lisboa,48.03,5.0,0,0,-16,0
C100712,2021-08-26,43,Mensal,Online,Ilhas,38.59,2.8,0,1,43,0
C100713,2023-01-26,46,Anual,Parceiro,Norte,33.36,4.1,1,0,45,0
C100714,2022-04-06,55,Trimestral,Parceiro,Norte,28.49,1.68,0,0,79,0
C100715,2022-09-25,48,Mensal,Online,Alentejo,28.84,4.03,0,0,55,0
C100716,2022-11-17,31,Mensal,Loja,Lisboa,14.97,1.58,0,1,7,0
C100717,2022-05-20,30,Trimestral,Online,Ilhas,34.06,4.55,0,0,-5,0
C100718,2022-06-04,14,Mensal,Loja,Algarve,38.76,6.34,0,0,-16,0
C100719,2021-08-01,36,Trimestral,Online,Algarve,19.4,2.6,0,1,69,0
C100720,2021-08-13,9,Trimestral,Online,Norte,26.71,0.0,1,0,2,0
C100721,2021-05-15,55,Mensal,Loja,Lisboa,22.74,1.92,1,1,69,1
C100722,2021-09-25,50,Anual,Loja,Algarve,24.28,4.77,1,1,41,0
C100723,2022-07-20,8,Mensal,Loja,Lisboa,32.43,3.68,1,0,35,0
C100724,2023-04-16,47,Mensal,Loja,Ilhas,15.32,3.2,0,0,16,0
C100725,2022-01-31,7,Trimestral,Online,Alentejo,36.91,4.41,0,0,45,0
C100726,2022-06-26,43,Trimestral,Online,Norte,38.03,3.58,0,0,25,1
C100727,2023-02-15,6,Mensal,Loja,Lisboa,29.99,4.75,0,0,14,0
C100728,2022-09-02,29,Trimestral,Loja,Alentejo,12.15,4.27,2,1,46,0
C100729,2021-08-25,39,Anual,Online,Norte,24.03,5.23,0,0,21,0
C100730,2021-09-11,43,Anual,Online,Centro,41.86,3.37,0,0,1,1
C100731,2022-07-28,25,Anual,Loja,Alentejo,10.0,4.25,2,0,43,1
C100732,2021-09-17,55,Mensal,Loja,Norte,29.22,2.31,1,0,23,0
C100733,2021-08-12,46,Mensal,Loja,Centro,22.56,1.84,2,1,40,0
C100734,2022-06-17,13,Trimestral,Online,Alentejo,38.44,5.53,0,0,11,0
C100735,2022-07-27,40,Mensal,Loja,Algarve,26.6,3.15,0,0,-11,1
C100736,2021-08-16,44,Trimestral,Loja,Lisboa,35.23,4.09,0,0,77,0
C100737,2021-02-13,20,Mensal,Online,Ilhas,36.52,3.0,1,1,71,1
C100738,2022-11-23,44,Mensal,Online,Ilhas,46.69,1.86,1,0,52,0
C100739,2021-12-19,54,Mensal,Online,Lisboa,30.38,2.82,0,0,13,0
C100740,2022-07-24,49,Mensal,Loja,Norte,35.01,5.1,0,0,16,0
C100741,2021-06-05,45,Mensal,Online,Algarve,20.12,3.69,0,0,66,0
C100742,2021-10-10,38,Trimestral,Loja,Centro,41.52,0.06,0,2,14,0
C100743,2022-06-30,16,Trimestral,Loja,Algarve,25.92,2.46,0,0,6,0
C100744,2021-04-22,47,Mensal,Online,Lisboa,27.51,5.65,0,0,81,0
C100745,2021-10-13,22,Mensal,Loja,Lisboa,31.82,2.46,0,0,24,1
C100746,2022-10-10,32,Anual,Loja,Lisboa,19.5,0.0,0,0,78,0
C100747,2022-11-26,19,Mensal,Online,Lisboa,33.83,5.83,0,0,-17,0
C100748,2021-11-14,19,Mensal,Loja,Ilhas,39.74,3.89,0,0,41,0
C100749,2021-04-14,10,Mensal,Loja,Centro,34.34,2.69,0,0,87,0
C100750,2021-01-24,57,Trimestral,Online,Ilhas,19.29,2.21,0,0,26,0
C100751,2022-05-16,9,Anual,Loja,Norte,31.01,4.53,0,0,17,0
C100752,2022-09-17,6,Trimestral,Loja,Algarve,37.94,1.93,1,0,-10,0
C100753,2022-06-19,56,Anual,Online,Ilhas,16.98,4.64,0,0,57,0
C100754,2021-12-31,33,Anual,Parceiro,Lisboa,23.4,3.67,1,0,2,0
C100755,2021-01-20,26,Mensal,Loja,Norte,39.01,3.19,0,1,22,0
C100756,2021-07-23,44,Mensal,Loja,Algarve,34.16,3.03,0,0,-12,0
C100757,2021-02-02,23,Mensal,Online,Algarve,35.3,2.52,0,0,72,0
C100758,2022-02-21,8,Mensal,Online,Centro,46.88,4.47,0,0,60,1
C100759,2021-10-05,44,Trimestral,Online,Lisboa,35.75,1.42,1,0,24,0
C100760,2021-03-05,11,Mensal,Loja,Algarve,37.26,0.2,0,0,-10,1
C100761,2022-07-03,33,Mensal,Loja,Centro,53.69,3.78,0,0,71,0
C100762,2021-11-30,56,Mensal,Loja,Lisboa,30.29,3.81,0,0,14,0
C100763,2023-05-17,56,Trimestral,Online,Lisboa,25.62,3.57,0,0,-8,0
C100764,2022-01-11,22,Trimestral,Loja,Norte,35.42,3.45,0,0,-28,0
C100765,2021-03-23,47,Anual,Loja,Algarve,35.51,2.29,1,0,6,0
C100766,2022-09-27,37,Mensal,Loja,Centro,27.79,4.06,0,0,-19,1
C100767,2022-09-25,29,Mensal,Loja,Ilhas,23.74,2.73,0,0,6,0
C100768,2023-04-17,9,Anual,Parceiro,Lisboa,50.48,2.02,0,0,47,1
C100769,2022-09-16,23,Trimestral,Online,Lisboa,34.61,2.3,0,0,14,0
C100770,2021-11-22,39,Trimestral,Loja,Lisboa,26.14,6.03,1,0,36,0
C100771,2022-08-26,59,Mensal,Parceiro,Lisboa,39.33,0.02,1,0,3,0
C100772,2022-12-20,1,Mensal,Loja,Algarve,31.13,3.6,1,0,27,0
C100773,2022-04-10,43,Anual,Online,Alentejo,29.98,0.11,0,0,83,0
C100774,2022-12-17,50,Trimestral,Parceiro,Algarve,36.5,2.63,1,0,15,1
C100775,2023-05-21,57,Trimestral,Online,Lisboa,21.66,2.11,0,0,37,0
C100776,2022-11-11,26,Mensal,Online,Centro,34.82,0.0,1,0,-22,0
C100777,2022-03-28,7,Mensal,Online,Norte,47.3,3.42,0,0,71,0
C100778,2022-03-20,16,Mensal,Loja,Algarve,35.73,2.19,1,1,11,0
C100779,2023-01-25,51,Trimestral,Online,Lisboa,28.99,0.0,0,0,57,0
C100780,2023-02-25,52,Mensal,Loja,Lisboa,27.94,4.14,3,0,21,1
C100781,2021-08-25,38,Mensal,Parceiro,Lisboa,28.72,5.1,1,0,43,0
C100782,2021-01-09,8,Mensal,Loja,Lisboa,29.97,5.18,0,0,45,0
C100783,2022-12-27,8,Anual,Loja,Alentejo,28.98,3.37,0,0,11,0
C100784,2021-08-01,29,Mensal,Parceiro,Lisboa,39.33,2.87,2,0,58,1
C100785,2023-06-16,35,Mensal,Loja,Ilhas,18.13,4.93,0,0,2,0
C100786,2021-02-02,2,Trimestral,Online,Norte,38.9,5.49,0,1,48,0
C100787,2023-03-31,41,Anual,Online,Lisboa,28.96,4.61,0,0,13,0
C100788,2022-09-03,33,Trimestral,Loja,Norte,35.02,1.29,0,0,35,1
C100789,2021-10-01,1,Anual,Loja,Algarve,22.98,3.12,0,0,11,0
C100790,2021-02-01,6,Mensal,Loja,Lisboa,42.63,3.5,0,0,26,0
C100791,2023-02-01,27,Anual,Online,Lisboa,41.97,0.0,1,1,-7,0
C100792,2021-04-18,43,Anual,Loja,Algarve,39.68,3.55,1,0,32,1
C100793,2021-03-27,49,Mensal,Loja,Lisboa,19.88,6.44,0,0,26,0
C100794,2022-12-13,26,Trimestral,Loja,Centro,38.63,3.82,0,0,9,0
C100795,2022-09-02,18,Mensal,Parceiro,Lisboa,35.24,5.16,0,0,23,0
C100796,2021-04-25,58,Mensal,Loja,Norte,19.16,3.09,0,0,29,0
C100797,2021-11-04,28,Mensal,Loja,Algarve,31.81,2.68,0,0,7,0
C100798,2022-08-23,19,Mensal,Loja,Algarve,34.92,3.41,0,0,21,0
C100799,2022-08-16,27,Anual,Loja,Algarve,36.45,1.49,1,0,-5,0
C100800,2021-11-23,1,Mensal,Loja,Algarve,33.42,1.26,0,0,95,0
C100801,2022-01-07,18,Trimestral,Loja,Algarve,34.33,4.83,0,1,57,0
C100802,2021-03-13,31,Mensal,Loja,Lisboa,43.79,5.0,0,1,33,0
C100803,2021-01-09,55,Mensal,Loja,Norte,41.81,1.21,0,1,60,0
C100804,2023-05-21,44,Mensal,Loja,Lisboa,10.0,4.35,0,0,-34,0
C100805,2021-07-28,47,Mensal,Online,Ilhas,29.46,2.66,0,0,-52,0
C100806,2023-04-15,33,Trimestral,Loja,Ilhas,30.68,3.34,0,1,13,0
C100807,2021-02-08,7,Anual,Loja,Algarve,17.98,3.54,1,0,-16,0
C100808,2023-06-10,24,Mensal,Online,Centro,32.75,4.39,0,0,18,1
C100809,2022-01-20,59,Anual,Online,Centro,41.99,2.93,0,0,31,0
C100810,2022-12-27,3,Trimestral,Online,Algarve,23.31,5.06,0,1,53,0
C100811,2023-01-27,52,Trimestral,Parceiro,Norte,34.69,3.3,0,0,-9,1
C100812,2021-11-13,41,Mensal,Parceiro,Lisboa,24.67,3.8,1,0,37,1
C100813,2022-10-27,17,Mensal,Loja,Lisboa,26.62,1.47,0,0,25,0
C100814,2021-10-28,46,Anual,Online,Centro,43.82,6.25,0,0,35,0
C100815,2022-12-12,50,Trimestral,Loja,Alentejo,27.66,3.55,0,0,9,0
C100816,2023-05-14,3,Mensal,Loja,Ilhas,35.7,3.94,0,0,66,1
C100817,2022-12-28,7,Anual,Parceiro,Algarve,17.03,0.23,0,0,22,1
C100818,2022-10-18,40,Mensal,Online,Lisboa,46.9,1.48,0,1,78,0
C100819,2021-12-01,59,Trimestral,Online,Lisboa,36.82,4.78,3,0,1,0
C100820,2021-04-08,2,Mensal,Loja,Algarve,30.54,3.26,1,0,47,1
C100821,2022-04-01,40,Anual,Online,Lisboa,36.6,0.0,0,1,23,0
C100822,2021-04-27,9,Mensal,Loja,Lisboa,20.72,4.46,1,0,15,0
C100823,2022-04-03,39,Mensal,Loja,Alentejo,41.46,1.93,1,0,44,1
C100824,2023-02-22,37,Trimestral,Online,Centro,29.41,5.06,0,1,16,0
C100825,2021-04-12,6,Mensal,Online,Norte,30.37,2.66,1,0,-55,0
C100826,2023-03-22,41,Anual,Loja,Algarve,28.07,3.13,2,1,-67,0
C100827,2022-06-23,53,Trimestral,Loja,Lisboa,27.35,4.69,0,0,63,0
C100828,2021-02-12,51,Mensal,Loja,Norte,37.56,1.36,0,0,62,0
C100829,2022-10-11,2,Mensal,Online,Centro,34.05,1.21,0,0,82,0
C100830,2021-01-01,15,Anual,Loja,Ilhas,37.21,2.49,0,0,24,0
C100831,2022-07-04,15,Trimestral,Loja,Alentejo,31.93,4.12,1,1,-14,0
C100832,2022-04-02,27,Anual,Loja,Alentejo,36.11,0.67,1,0,12,0
C100833,2022-11-03,9,Mensal,Loja,Norte,28.65,0.13,0,0,25,1
C100834,2021-12-05,51,Anual,Online,Ilhas,49.84,4.12,0,0,-5,0
C100835,2021-04-18,46,Mensal,Loja,Algarve,19.46,1.84,1,0,74,1
C100836,2021-12-15,48,Trimestral,Loja,Lisboa,42.09,2.17,0,1,92,0
C100837,2022-11-17,12,Mensal,Online,Centro,42.94,0.0,0,0,39,0
C100838,2023-05-09,1,Mensal,Loja,Alentejo,25.18,1.71,1,0,25,1
C100839,2021-07-07,54,Anual,Parceiro,Algarve,49.83,2.79,0,2,-14,1
C100840,2021-11-13,18,Anual,Loja,Algarve,39.96,4.29,1,0,71,0
C100841,2023-03-01,39,Mensal,Online,Ilhas,39.77,1.57,0,0,27,0
C100842,2021-10-09,54,Anual,Loja,Alentejo,32.22,5.45,0,0,16,0
C100843,2021-08-09,3,Mensal,Online,Centro,30.26,1.7,0,0,39,0
C100844,2023-01-19,1,Mensal,Loja,Lisboa,30.32,1.71,0,1,7,0
C100845,2022-03-19,1,Mensal,Loja,Algarve,35.12,5.26,1,1,29,0
C100846,2022-06-09,10,Mensal,Online,Centro,43.21,3.14,0,0,-18,0
C100847,2022-03-15,4,Mensal,Online,Centro,33.45,1.92,0,1,58,1
C100848,2022-06-27,49,Mensal,Parceiro,Alentejo,24.71,2.55,0,0,22,0
C100849,2021-08-30,36,Mensal,Online,Lisboa,38.6,4.96,0,1,60,0
C100850,2022-10-21,58,Trimestral,Loja,Algarve,39.37,5.15,1,1,19,0
C100851,2021-11-22,48,Anual,Loja,Norte,37.24,1.49,1,1,21,1
C100852,2022-04-17,57,Trimestral,Loja,Centro,37.96,2.73,0,0,-11,0
C100853,2021-06-17,15,Mensal,Online,Centro,29.83,2.94,0,1,48,0
C100854,2021-01-11,17,Trimestral,Online,Alentejo,24.57,1.22,0,0,-1,0
C100855,2022-05-29,51,Mensal,Online,Algarve,25.05,2.71,0,0,10,0
C100856,2021-05-05,15,Trimestral,Loja,Lisboa,18.92,2.81,0,1,25,0
C100857,2023-04-02,4,Trimestral,Parceiro,Lisboa,33.9,4.62,1,0,29,0
C100858,2023-05-14,40,Mensal,Parceiro,Norte,31.33,4.73,0,0,-26,0
C100859,2021-10-12,48,Mensal,Online,Alentejo,28.48,2.27,0,0,18,0
C100860,2021-09-17,58,Anual,Online,Ilhas,10.0,2.46,0,3,49,1
C100861,2022-04-03,55,Anual,Online,Algarve,22.02,3.86,1,0,14,0
C100862,2021-07-03,8,Trimestral,Parceiro,Centro,40.97,1.86,1,0,18,0
C100863,2023-02-15,46,Anual,Online,Lisboa,26.68,3.74,0,0,30,0
C100864,2021-04-02,50,Anual,Online,Centro,34.88,2.66,0,0,21,0
C100865,2022-02-12,42,Mensal,Loja,Norte,20.87,1.25,0,0,-6,1
C100866,2021-06-20,49,Trimestral,Loja,Norte,43.51,1.27,1,0,24,0
C100867,2023-01-19,50,Mensal,Online,Norte,30.85,5.12,0,0,55,0
C100868,2021-05-10,27,Mensal,Loja,Centro,34.32,2.55,1,0,-7,0
C100869,2022-02-06,3,Mensal,Online,Algarve,50.61,5.42,0,0,14,0
C100870,2023-01-21,27,Anual,Online,Centro,44.13,1.98,0,0,-16,1
C100871,2022-02-01,12,Trimestral,Online,Algarve,29.55,3.27,1,1,53,0
C100872,2021-06-16,7,Mensal,Online,Ilhas,27.25,6.63,1,1,22,0
C100873,2021-05-22,8,Mensal,Parceiro,Lisboa,29.4,1.11,0,0,-1,0
C100874,2022-06-29,42,Mensal,Loja,Lisboa,36.08,0.0,1,0,28,0
C100875,2021-04-23,30,Trimestral,Loja,Algarve,31.16,4.86,0,0,-11,0
C100876,2021-11-16,32,Anual,Online,Norte,28.84,1.48,0,0,-6,0
C100877,2022-07-05,44,Mensal,Loja,Lisboa,43.74,2.77,0,0,-19,1
C100878,2021-12-08,33,Mensal,Parceiro,Lisboa,31.09,1.86,1,1,-7,1
C100879,2023-01-15,38,Trimestral,Online,Algarve,50.4,3.23,0,0,66,0
C100880,2022-09-12,6,Mensal,Parceiro,Algarve,32.73,1.28,0,0,3,1
C100881,2021-05-02,51,Mensal,Loja,Algarve,46.28,2.51,1,0,39,0
C100882,2023-01-06,27,Mensal,Loja,Alentejo,34.86,3.52,2,0,0,0
C100883,2023-03-31,10,Mensal,Online,Lisboa,39.7,1.19,1,0,48,0
C100884,2021-07-02,48,Mensal,Loja,Algarve,26.2,1.68,0,0,-6,0
C100885,2021-11-19,44,Anual,Loja,Algarve,25.17,2.24,0,0,26,0
C100886,2021-12-22,4,Mensal,Parceiro,Lisboa,35.68,0.51,1,0,27,0
C100887,2022-01-18,12,Mensal,Parceiro,Ilhas,39.91,2.12,2,2,95,1
C100888,2022-02-22,1,Trimestral,Online,Algarve,32.32,2.99,2,1,44,0
C100889,2023-03-17,16,Anual,Parceiro,Lisboa,21.71,2.16,0,0,7,1
C100890,2022-08-10,6,Mensal,Parceiro,Norte,21.12,2.37,0,1,46,0
C100891,2023-03-18,42,Mensal,Loja,Centro,20.58,2.77,1,1,89,0
C100892,2021-11-12,31,Trimestral,Online,Algarve,17.86,1.75,1,1,-24,0
C100893,2022-04-18,58,Mensal,Online,Norte,32.88,3.91,0,0,0,0
C100894,2021-04-06,45,Trimestral,Online,Lisboa,41.0,5.1,0,0,18,0
C100895,2021-09-07,37,Mensal,Online,Lisboa,31.89,2.06,0,0,12,1
C100896,2022-06-10,31,Mensal,Parceiro,Algarve,13.92,3.58,1,0,15,1
C100897,2021-06-04,4,Mensal,Online,Algarve,30.47,2.42,1,0,-14,0
C100898,2023-05-15,5,Trimestral,Loja,Algarve,30.7,3.38,1,1,67,0
C100899,2021-09-02,37,Mensal,Loja,Lisboa,48.77,5.31,0,0,-18,0
C100900,2021-05-26,1,Mensal,Loja,Norte,20.34,3.61,0,0,19,0
C100901,2022-12-04,3,Mensal,Online,Alentejo,28.87,0.0,0,0,56,0
C100902,2021-03-23,13,Trimestral,Loja,Centro,45.65,3.53,0,0,24,0
C100903,2021-10-20,53,Mensal,Loja,Lisboa,35.6,4.77,1,0,-4,0
C100904,2021-06-28,28,Trimestral,Loja,Ilhas,36.51,2.45,0,0,-15,0
C100905,2022-09-18,42,Trimestral,Online,Lisboa,32.92,4.39,0,0,18,0
C100906,2023-01-29,25,Mensal,Loja,Alentejo,34.64,1.7,0,0,2,0
C100907,2021-06-25,11,Anual,Online,Alentejo,38.22,0.42,1,1,31,1
C100908,2022-01-10,22,Anual,Loja,Algarve,25.52,3.03,2,0,-17,0
C100909,2022-03-07,6,Mensal,Online,Lisboa,39.02,0.0,0,0,49,0
C100910,2022-09-14,46,Mensal,Online,Lisboa,21.02,2.42,0,0,28,0
C100911,2021-11-13,11,Mensal,Loja,Norte,34.63,4.86,0,0,31,0
C100912,2022-04-16,23,Mensal,Online,Lisboa,33.43,0.0,0,0,68,1
C100913,2022-03-30,58,Mensal,Parceiro,Centro,27.07,0.75,1,0,12,0
C100914,2021-01-11,35,Anual,Parceiro,Lisboa,31.82,1.15,0,1,3,0
C100915,2022-05-28,28,Anual,Online,Algarve,27.02,2.7,1,0,9,0
C100916,2022-05-27,33,Mensal,Online,Norte,23.43,2.21,1,0,19,0
C100917,2023-06-11,47,Mensal,Online,Lisboa,29.17,5.04,0,0,22,0
C100918,2022-04-05,16,Mensal,Parceiro,Norte,23.17,4.33,2,0,0,1
C100919,2023-03-21,38,Mensal,Loja,Centro,34.58,3.59,0,1,-36,0
C100920,2021-11-11,52,Mensal,Online,Norte,22.8,3.03,1,0,8,0
C100921,2022-09-19,34,Anual,Loja,Norte,37.7,3.43,0,0,36,0
C100922,2023-03-23,27,Anual,Online,Ilhas,22.55,1.42,0,0,29,1
C100923,2021-05-19,9,Mensal,Loja,Ilhas,27.47,4.17,0,0,61,0
C100924,2022-05-26,15,Trimestral,Loja,Alentejo,27.0,1.02,0,0,84,0
C100925,2023-04-08,56,Trimestral,Online,Lisboa,42.6,4.14,0,0,48,0
C100926,2022-05-16,32,Anual,Loja,Algarve,34.64,4.7,1,1,66,1
C100927,2023-03-15,18,Mensal,Online,Algarve,30.31,3.14,1,0,48,1
C100928,2022-01-13,25,Mensal,Loja,Lisboa,35.99,2.52,1,0,76,0
C100929,2023-03-10,35,Trimestral,Loja,Norte,15.14,3.44,0,0,81,0
C100930,2022-07-20,32,Mensal,Parceiro,Alentejo,31.65,0.0,1,0,54,1
C100931,2022-03-08,42,Trimestral,Loja,Ilhas,47.98,3.28,0,0,46,0
C100932,2021-07-13,16,Mensal,Parceiro,Centro,33.06,2.62,0,1,19,0
C100933,2021-06-03,39,Trimestral,Online,Lisboa,32.54,2.72,0,0,24,0
C100934,2021-09-17,27,Anual,Parceiro,Lisboa,36.39,3.93,1,0,15,1
C100935,2022-11-10,56,Mensal,Online,Lisboa,39.16,2.68,0,0,44,0
C100936,2022-02-26,10,Mensal,Loja,Alentejo,16.02,0.98,0,0,3,0
C100937,2021-12-16,9,Trimestral,Online,Lisboa,18.54,2.57,0,0,19,0
C100938,2022-02-25,28,Mensal,Parceiro,Ilhas,33.68,2.91,2,0,-46,0
C100939,2021-11-07,30,Trimestral,Parceiro,Algarve,26.28,2.98,1,0,77,0
C100940,2022-12-28,41,Trimestral,Online,Norte,42.5,3.06,1,2,18,0
C100941,2021-12-18,24,Mensal,Loja,Algarve,29.48,4.46,0,0,39,0
C100942,2022-03-01,54,Anual,Loja,Algarve,16.52,1.06,0,2,69,1
C100943,2022-05-19,28,Mensal,Online,Lisboa,21.86,3.08,0,0,34,0
C100944,2022-08-05,8,Trimestral,Loja,Lisboa,10.0,4.86,1,0,68,0
C100945,2021-10-28,8,Mensal,Loja,Algarve,30.13,0.02,1,0,-12,0
C100946,2021-03-07,58,Mensal,Loja,Lisboa,30.49,3.09,0,1,97,0
C100947,2022-09-13,8,Mensal,Online,Norte,28.6,1.86,1,0,58,0
C100948,2022-05-20,56,Anual,Parceiro,Centro,40.63,2.21,0,0,31,0
C100949,2022-08-06,17,Anual,Online,Centro,41.59,1.35,0,0,68,0
C100950,2022-05-05,6,Anual,Loja,Alentejo,30.64,2.53,2,0,-10,0
C100951,2022-04-03,18,Mensal,Online,Norte,14.92,5.75,0,0,16,1
C100952,2023-05-04,37,Mensal,Online,Alentejo,36.94,0.78,0,0,68,0
C100953,2021-02-18,26,Trimestral,Online,Lisboa,36.44,0.93,0,0,-31,1
C100954,2021-03-25,47,Trimestral,Online,Algarve,34.48,0.72,0,0,42,0
C100955,2023-04-23,37,Mensal,Loja,Lisboa,39.85,5.56,0,0,41,0
C100956,2023-03-10,24,Anual,Loja,Ilhas,22.68,2.06,0,1,84,0
C100957,2022-01-06,38,Mensal,Loja,Algarve,48.07,2.76,0,0,-22,0
C100958,2022-05-02,58,Mensal,Loja,Centro,24.32,2.16,0,0,73,0
C100959,2022-02-09,25,Anual,Online,Alentejo,37.99,1.29,0,0,8,0
C100960,2023-06-17,10,Mensal,Online,Centro,18.5,2.42,0,0,12,0
C100961,2022-02-15,25,Mensal,Loja,Algarve,24.56,6.73,1,0,-12,0
C100962,2022-11-15,50,Trimestral,Loja,Alentejo,44.13,5.03,1,0,-8,0
C100963,2021-11-25,13,Anual,Loja,Centro,29.91,1.44,0,0,37,1
C100964,2021-12-10,56,Mensal,Online,Centro,38.72,3.84,0,0,-8,0
C100965,2022-08-31,35,Trimestral,Loja,Lisboa,33.9,1.47,0,0,47,0
C100966,2021-12-26,36,Mensal,Online,Algarve,31.16,0.0,0,0,5,0
C100967,2021-01-13,19,Mensal,Loja,Algarve,42.91,4.43,2,0,-11,0
C100968,2021-06-05,55,Mensal,Online,Norte,30.11,4.66,0,0,9,0
C100969,2023-02-26,3,Mensal,Loja,Centro,17.75,4.47,1,0,35,1
C100970,2021-11-27,18,Mensal,Online,Lisboa,25.57,2.05,0,0,17,0
C100971,2021-04-03,25,Mensal,Loja,Lisboa,36.41,2.53,1,1,26,0
C100972,2023-04-26,29,Trimestral,Online,Norte,35.16,4.0,0,0,46,0
C100973,2023-06-19,28,Trimestral,Loja,Centro,19.46,3.43,0,0,57,0
C100974,2022-03-26,9,Trimestral,Online,Algarve,26.21,2.17,0,0,16,0
C100975,2022-07-20,14,Anual,Loja,Lisboa,27.35,0.21,0,0,-6,0
C100976,2022-11-11,6,Mensal,Online,Algarve,29.08,2.98,1,1,27,0
C100977,2021-03-01,34,Mensal,Online,Lisboa,20.99,4.53,1,1,39,0
C100978,2021-09-25,21,Mensal,Loja,Lisboa,26.97,0.88,1,0,-19,0
C100979,2022-05-22,34,Trimestral,Online,Lisboa,26.17,3.82,0,1,-2,1
C100980,2022-05-10,35,Mensal,Online,Centro,38.17,3.33,0,0,3,0
C100981,2021-10-26,42,Mensal,Loja,Centro,38.47,4.0,0,0,19,1
C100982,2021-01-02,33,Mensal,Loja,Ilhas,30.83,4.2,1,1,2,1
C100983,2023-05-08,39,Mensal,Parceiro,Algarve,28.86,1.69,1,0,46,0
C100984,2022-07-08,35,Anual,Online,Algarve,33.12,0.21,0,1,-23,0
C100985,2022-11-11,39,Trimestral,Loja,Norte,25.47,1.95,0,0,-22,0
C100986,2022-01-29,37,Mensal,Loja,Norte,22.83,4.22,1,1,15,1
C100987,2022-04-02,19,Trimestral,Online,Norte,24.48,1.93,0,1,20,0
C100988,2022-02-05,15,Trimestral,Loja,Ilhas,26.92,1.69,1,0,-19,1
C100989,2022-01-22,47,Mensal,Online,Algarve,22.69,0.0,0,0,7,0
C100990,2022-08-27,21,Mensal,Parceiro,Lisboa,33.3,5.6,0,0,13,0
C100991,2023-06-16,33,Trimestral,Loja,Ilhas,37.84,4.12,0,1,13,0
C100992,2022-12-01,12,Mensal,Loja,Norte,19.3,4.03,0,0,30,0
C100993,2022-08-24,26,Mensal,Loja,Lisboa,32.2,4.35,0,0,5,0
C100994,2021-01-11,32,Mensal,Online,Centro,30.24,3.72,0,0,69,0
C100995,2022-04-08,37,Trimestral,Online,Centro,34.73,2.41,0,0,40,0
C100996,2023-05-11,32,Anual,Loja,Ilhas,31.9,2.54,0,1,1,0
C100997,2021-12-25,22,Trimestral,Loja,Algarve,20.37,2.12,0,1,28,0
C100998,2022-05-10,57,Mensal,Loja,Norte,21.9,7.02,0,0,29,0
C100999,2021-10-20,31,Mensal,Online,Centro,32.24,3.69,0,0,61,0
C101000,2021-06-22,48,Trimestral,Loja,Lisboa,40.23,2.06,0,0,7,0
C101001,2022-09-27,44,Anual,Online,Norte,14.29,3.54,0,0,48,0
C101002,2021-10-10,33,Anual,Online,Lisboa,34.77,1.18,0,0,26,0
C101003,2022-06-14,53,Anual,Parceiro,Lisboa,41.52,5.21,2,0,70,0
C101004,2022-06-19,8,Mensal,Loja,Centro,30.78,1.74,0,1,64,0
C101005,2023-02-03,55,Trimestral,Loja,Centro,36.4,3.6,0,1,31,0
C101006,2023-04-25,51,Anual,Parceiro,Centro,26.38,4.51,1,1,17,0
C101007,2022-05-14,30,Trimestral,Online,Ilhas,31.05,3.42,0,0,40,0
C101008,2021-02-15,44,Trimestral,Parceiro,Lisboa,19.03,2.95,0,0,20,0
C101009,2022-06-09,31,Mensal,Loja,Lisboa,13.25,2.82,0,0,75,0
C101010,2023-03-08,16,Trimestral,Loja,Centro,39.54,2.71,0,0,27,0
C101011,2022-03-06,48,Mensal,Online,Alentejo,24.12,1.88,2,0,13,0
C101012,2022-05-24,15,Mensal,Online,Norte,28.36,2.08,0,0,11,0
C101013,2022-11-18,19,Anual,Online,Norte,20.91,5.17,0,0,-11,0
C101014,2022-01-31,31,Anual,Online,Algarve,20.72,2.63,0,1,42,1
C101015,2022-01-09,50,Anual,Online,Alentejo,30.61,1.54,0,0,0,0
C101016,2022-03-10,23,Mensal,Loja,Centro,26.16,1.97,0,0,58,0
C101017,2023-02-06,30,Mensal,Loja,Lisboa,35.02,4.56,2,1,-14,1
C101018,2022-03-16,3,Mensal,Online,Ilhas,35.62,3.88,0,0,29,1
C101019,2021-10-22,7,Anual,Loja,Norte,34.57,3.7,0,0,60,0
C101020,2022-06-22,4,Trimestral,Parceiro,Centro,33.91,2.39,0,0,-40,1
C101021,2022-09-16,5,Anual,Loja,Lisboa,44.62,3.72,0,0,86,0
C101022,2023-04-02,52,Mensal,Loja,Centro,23.46,1.77,0,0,12,1
C101023,2023-03-15,50,Trimestral,Loja,Alentejo,31.56,2.38,0,0,29,0
C101024,2022-12-06,49,Trimestral,Online,Alentejo,41.06,4.35,1,0,42,0
C101025,2022-11-24,4,Mensal,Online,Lisboa,42.12,4.2,0,0,47,0
C101026,2022-02-09,5,Anual,Parceiro,Lisboa,20.63,1.23,0,0,33,1
C101027,2021-11-05,17,Trimestral,Loja,Lisboa,29.5,1.43,1,0,55,0
C101028,2022-05-22,34,Mensal,Loja,Algarve,42.86,2.97,0,0,41,0
C101029,2022-09-28,20,Mensal,Parceiro,Norte,36.06,5.56,0,0,78,0
C101030,2022-04-12,29,Anual,Online,Centro,33.56,0.0,0,0,41,0
C101031,2021-07-06,11,Trimestral,Online,Alentejo,30.26,3.25,1,0,84,1
C101032,2021-01-14,44,Trimestral,Loja,Centro,28.93,0.6,1,0,52,0
C101033,2021-02-22,19,Trimestral,Online,Norte,34.31,1.79,0,0,-29,0
C101034,2022-01-19,4,Mensal,Loja,Centro,29.98,2.22,0,0,100,0
C101035,2022-12-14,44,Trimestral,Loja,Alentejo,31.66,2.13,0,0,8,0
C101036,2022-12-12,54,Anual,Loja,Norte,32.63,1.95,0,0,70,0
C101037,2022-12-29,1,Mensal,Online,Alentejo,26.58,2.81,0,0,26,0
C101038,2022-10-01,26,Trimestral,Loja,Algarve,36.26,1.94,0,0,57,0
C101039,2021-01-21,49,Mensal,Online,Alentejo,55.31,0.46,2,0,4,0
C101040,2023-03-07,42,Mensal,Parceiro,Centro,17.78,4.05,0,0,44,0
C101041,2023-05-04,51,Mensal,Online,Algarve,34.59,4.0,1,0,17,0
C101042,2023-02-04,25,Anual,Parceiro,Centro,25.92,4.15,1,1,72,0
C101043,2022-02-06,22,Mensal,Loja,Algarve,36.62,0.33,1,0,38,1
C101044,2021-07-13,42,Mensal,Online,Alentejo,32.37,3.28,0,0,53,1
C101045,2023-03-26,10,Trimestral,Loja,Norte,38.09,3.88,0,2,-40,0
C101046,2021-06-16,15,Mensal,Online,Algarve,41.4,1.15,0,0,22,0
C101047,2022-12-11,36,Trimestral,Loja,Lisboa,33.54,2.81,2,0,37,1
C101048,2023-05-19,40,Anual,Loja,Lisboa,41.06,2.61,0,0,32,0
C101049,2023-03-22,8,Mensal,Loja,Lisboa,13.25,5.75,0,0,54,1
C101050,2022-04-14,30,Mensal,Online,Lisboa,44.72,5.88,0,0,14,0
C101051,2023-01-21,22,Anual,Loja,Alentejo,35.0,0.14,0,0,26,0
C101052,2023-01-18,30,Mensal,Parceiro,Algarve,40.62,6.79,1,1,60,0
C101053,2023-05-27,57,Mensal,Loja,Centro,22.24,1.34,0,0,-43,0
C101054,2021-11-21,5,Anual,Online,Alentejo,25.35,4.37,0,0,43,1
C101055,2022-07-21,59,Anual,Online,Alentejo,33.17,4.35,0,0,15,0
C101056,2023-01-06,27,Trimestral,Parceiro,Alentejo,31.86,1.21,0,0,-2,1
C101057,2021-07-24,46,Trimestral,Online,Lisboa,34.26,3.59,0,1,35,0
C101058,2021-07-22,26,Anual,Online,Lisboa,40.68,2.63,0,0,62,1
C101059,2021-12-17,19,Trimestral,Loja,Algarve,17.88,3.69,0,0,56,1
C101060,2021-11-21,46,Trimestral,Online,Centro,39.79,3.17,0,2,21,0
C101061,2022-11-08,41,Anual,Loja,Centro,32.07,4.71,1,0,51,1
C101062,2023-04-23,9,Trimestral,Online,Lisboa,30.37,2.92,0,0,51,0
C101063,2021-05-22,42,Mensal,Loja,Centro,20.23,2.53,0,1,22,0
C101064,2021-10-20,45,Mensal,Parceiro,Norte,36.02,4.55,1,1,4,0
C101065,2023-04-17,23,Mensal,Parceiro,Norte,12.69,3.73,0,0,6,0
C101066,2022-06-20,55,Mensal,Parceiro,Alentejo,37.19,3.97,0,0,50,0
C101067,2021-07-04,38,Mensal,Parceiro,Ilhas,20.06,1.74,0,0,24,0
C101068,2022-06-28,20,Mensal,Online,Lisboa,32.43,1.13,0,0,-6,0
C101069,2023-02-28,1,Anual,Parceiro,Norte,31.05,1.89,1,0,-26,0
C101070,2021-12-03,40,Mensal,Parceiro,Algarve,41.36,1.81,0,0,50,0
C101071,2022-03-12,13,Mensal,Loja,Centro,30.57,4.06,0,1,9,0
C101072,2022-07-07,45,Mensal,Online,Ilhas,26.45,4.36,1,1,35,0
C101073,2023-01-27,31,Mensal,Online,Lisboa,27.95,2.55,1,0,62,1
C101074,2022-05-24,28,Trimestral,Loja,Centro,42.18,5.09,1,0,-14,1
C101075,2023-05-13,10,Mensal,Loja,Lisboa,36.29,4.99,0,0,24,1
C101076,2022-11-11,42,Mensal,Online,Centro,28.91,3.19,0,0,20,0
C101077,2022-01-15,10,Anual,Online,Algarve,30.11,1.48,1,0,36,0
C101078,2022-03-15,25,Mensal,Loja,Norte,19.46,5.32,0,0,62,1
C101079,2022-09-19,50,Mensal,Online,Algarve,35.11,2.7,0,1,-15,0
C101080,2021-03-05,55,Anual,Parceiro,Algarve,17.92,3.0,0,3,42,0
C101081,2021-07-24,59,Trimestral,Online,Algarve,38.01,2.26,0,1,56,0
C101082,2021-08-03,57,Trimestral,Online,Algarve,33.03,1.38,0,1,19,0
C101083,2022-12-22,33,Anual,Online,Centro,51.1,0.45,1,0,21,1
C101084,2023-01-11,12,Anual,Parceiro,Lisboa,23.2,3.81,0,1,38,0
C101085,2023-01-08,50,Mensal,Parceiro,Algarve,31.18,1.55,0,0,35,1
C101086,2021-04-05,48,Trimestral,Online,Lisboa,46.39,7.7,0,0,42,0
C101087,2021-09-23,59,Trimestral,Online,Norte,41.53,1.06,1,0,42,0
C101088,2021-10-08,39,Mensal,Online,Centro,26.43,0.79,0,0,-4,0
C101089,2021-01-22,9,Anual,Online,Centro,33.79,3.62,0,3,55,0
C101090,2021-08-21,30,Mensal,Loja,Algarve,32.02,5.25,1,0,60,0
C101091,2022-01-24,27,Anual,Online,Lisboa,34.26,2.9,1,0,31,0
C101092,2023-03-09,50,Trimestral,Loja,Alentejo,26.41,3.72,0,0,-20,0
C101093,2021-06-03,24,Mensal,Online,Ilhas,31.29,0.0,1,0,22,0
C101094,2023-02-14,20,Mensal,Loja,Centro,19.22,1.72,1,1,31,1
C101095,2023-01-07,5,Anual,Online,Algarve,33.08,1.08,1,0,-9,1
C101096,2021-05-23,50,Trimestral,Online,Norte,35.6,0.0,1,0,14,1
C101097,2021-08-23,45,Mensal,Online,Norte,30.18,2.99,2,0,-17,0
C101098,2022-02-17,3,Mensal,Online,Norte,19.08,0.0,0,0,43,1
C101099,2023-04-30,26,Trimestral,Online,Centro,39.91,0.68,1,0,30,0
C101100,2022-12-08,29,Mensal,Parceiro,Lisboa,34.92,1.94,0,0,-24,0
C101101,2023-05-25,28,Trimestral,Online,Lisboa,26.19,1.47,1,0,36,0
C101102,2021-10-09,55,Trimestral,Online,Centro,29.76,3.43,0,0,23,0
C101103,2023-03-29,9,Mensal,Online,Norte,19.99,3.29,0,1,40,0
C101104,2023-05-11,19,Trimestral,Loja,Alentejo,23.8,4.23,0,0,13,0
C101105,2022-06-24,11,Mensal,Parceiro,Norte,27.7,4.0,1,0,1,0
C101106,2021-05-19,15,Anual,Loja,Algarve,41.83,4.63,0,0,2,0
C101107,2021-08-29,54,Anual,Loja,Ilhas,26.88,2.8,1,0,9,0
C101108,2021-04-26,56,Mensal,Loja,Alentejo,37.12,3.29,1,1,26,0
C101109,2022-12-28,3,Mensal,Online,Lisboa,27.69,3.62,0,0,29,1
C101110,2021-10-09,38,Mensal,Parceiro,Alentejo,33.98,3.03,0,0,19,0
C101111,2022-09-24,14,Anual,Loja,Alentejo,30.87,2.16,1,0,12,0
C101112,2021-08-29,12,Mensal,Online,Ilhas,38.98,2.27,2,0,14,0
C101113,2023-05-30,18,Trimestral,Loja,Ilhas,27.72,1.49,1,0,100,0
C101114,2022-11-28,12,Anual,Online,Lisboa,19.42,3.47,1,1,2,0
C101115,2021-12-06,29,Mensal,Online,Lisboa,20.94,2.65,1,0,8,0
C101116,2022-03-06,59,Trimestral,Loja,Algarve,27.74,1.74,0,0,100,0
C101117,2021-02-22,35,Mensal,Online,Norte,22.01,1.74,1,0,38,1
C101118,2021-05-04,43,Trimestral,Loja,Lisboa,35.28,0.86,0,1,-16,1
C101119,2023-06-18,30,Mensal,Parceiro,Alentejo,28.27,4.37,1,0,50,0
C101120,2023-01-05,1,Anual,Loja,Alentejo,51.0,2.93,0,0,-2,0
C101121,2023-01-25,5,Mensal,Online,Lisboa,18.1,1.42,0,1,52,1
C101122,2022-08-03,16,Mensal,Loja,Centro,33.63,4.09,0,0,19,0
C101123,2021-07-19,15,Anual,Loja,Centro,22.98,1.9,0,0,12,1
C101124,2021-04-05,50,Anual,Online,Lisboa,28.05,0.55,2,0,73,1
C101125,2022-10-16,50,Trimestral,Online,Ilhas,33.13,4.43,1,1,42,0
C101126,2021-10-26,51,Trimestral,Loja,Algarve,13.4,1.94,1,0,54,1
C101127,2021-01-01,38,Mensal,Parceiro,Lisboa,33.89,2.15,0,0,38,0
C101128,2021-01-21,33,Trimestral,Online,Centro,47.22,2.87,2,0,12,0
C101129,2022-05-18,39,Mensal,Online,Algarve,28.37,4.63,1,0,43,0
C101130,2023-01-27,25,Mensal,Parceiro,Alentejo,34.08,2.83,0,1,61,0
C101131,2021-11-23,40,Anual,Online,Lisboa,40.2,0.88,0,0,29,0
C101132,2023-06-19,47,Trimestral,Online,Lisboa,30.69,3.67,0,0,79,0
C101133,2021-12-10,46,Mensal,Loja,Norte,27.35,2.02,0,0,51,0
C101134,2022-10-22,37,Mensal,Online,Algarve,13.79,5.82,0,0,31,0
C101135,2021-08-09,4,Anual,Online,Lisboa,37.13,2.8,0,0,33,1
C101136,2022-07-01,43,Mensal,Loja,Lisboa,31.09,0.0,0,0,29,0
C101137,2021-09-05,22,Mensal,Loja,Ilhas,23.9,3.37,1,0,-13,0
C101138,2022-12-02,44,Mensal,Loja,Alentejo,33.01,5.91,1,1,22,0
C101139,2022-02-14,32,Mensal,Online,Ilhas,27.33,5.32,0,0,32,0
C101140,2021-02-07,52,Mensal,Loja,Lisboa,27.77,5.73,1,0,13,0
C101141,2021-08-12,20,Anual,Loja,Lisboa,36.85,1.17,0,0,35,0
C101142,2021-11-13,55,Mensal,Loja,Ilhas,21.29,4.26,0,0,26,0
C101143,2022-02-24,50,Mensal,Loja,Ilhas,40.38,1.64,0,0,48,0
C101144,2021-09-01,20,Trimestral,Loja,Ilhas,20.82,3.16,0,0,45,0
C101145,2022-06-04,29,Trimestral,Parceiro,Algarve,26.7,0.76,0,1,30,1
C101146,2023-05-18,32,Trimestral,Loja,Lisboa,47.38,1.77,0,0,-16,1
C101147,2022-10-03,46,Trimestral,Online,Centro,41.02,1.72,0,2,79,1
C101148,2021-10-08,41,Trimestral,Parceiro,Lisboa,32.78,4.24,0,0,21,0
C101149,2022-09-02,51,Trimestral,Parceiro,Ilhas,24.48,4.08,0,0,23,0
C101150,2023-05-21,22,Trimestral,Online,Lisboa,27.77,3.24,1,0,15,1
C101151,2021-08-06,30,Trimestral,Online,Algarve,32.59,0.64,0,0,10,1
C101152,2021-07-29,26,Trimestral,Loja,Ilhas,32.3,2.3,0,0,71,0
C101153,2021-02-05,54,Mensal,Online,Ilhas,31.27,1.61,0,1,67,0
C101154,2023-01-29,18,Trimestral,Loja,Ilhas,31.75,4.19,0,0,38,0
C101155,2023-01-20,35,Trimestral,Loja,Lisboa,30.28,4.69,0,0,22,0
C101156,2022-01-08,8,Mensal,Online,Lisboa,20.46,4.49,0,0,44,0
C101157,2023-02-25,51,Anual,Online,Ilhas,27.87,1.59,2,1,27,0
C101158,2022-08-10,23,Mensal,Parceiro,Centro,39.32,0.0,0,0,19,0
C101159,2023-06-01,21,Mensal,Online,Centro,21.05,0.0,0,0,35,1
C101160,2023-04-11,35,Anual,Loja,Ilhas,30.48,5.07,2,0,12,0
C101161,2023-05-14,30,Mensal,Online,Alentejo,25.44,2.16,0,0,33,1
C101162,2021-12-20,51,Mensal,Loja,Lisboa,32.89,1.6,0,0,31,1
C101163,2022-07-25,32,Mensal,Loja,Norte,28.89,5.43,2,0,43,0
C101164,2021-05-31,31,Anual,Online,Lisboa,43.82,4.82,0,0,6,0
C101165,2023-03-16,7,Mensal,Loja,Ilhas,36.05,2.84,0,0,46,0
C101166,2021-10-14,2,Trimestral,Loja,Lisboa,21.51,2.33,1,0,-2,0
C101167,2022-02-08,24,Trimestral,Online,Lisboa,37.37,2.59,0,0,8,1
C101168,2022-06-19,59,Trimestral,Online,Lisboa,25.8,3.16,0,0,9,0
C101169,2022-12-10,55,Anual,Loja,Algarve,27.38,5.36,0,0,-7,0
C101170,2022-10-21,38,Anual,Loja,Ilhas,34.51,3.48,0,0,55,0
C101171,2023-05-10,38,Mensal,Loja,Lisboa,28.07,3.96,1,0,-4,0
C101172,2022-10-04,24,Anual,Loja,Lisboa,39.14,4.67,1,0,4,0
C101173,2022-12-18,11,Mensal,Online,Centro,25.8,0.93,0,0,63,0
C101174,2022-05-31,1,Mensal,Online,Lisboa,27.05,4.01,0,1,8,0
C101175,2022-01-10,20,Mensal,Loja,Centro,26.75,2.33,0,0,19,0
C101176,2023-04-03,19,Trimestral,Loja,Lisboa,27.47,0.0,0,0,-5,0
C101177,2021-12-06,12,Mensal,Loja,Lisboa,40.79,0.0,0,0,50,0
C101178,2022-07-13,16,Trimestral,Online,Centro,37.03,1.17,0,0,50,0
C101179,2021-09-20,2,Mensal,Loja,Centro,45.68,3.65,0,0,47,0
C101180,2022-03-11,36,Mensal,Loja,Norte,50.14,2.98,0,0,41,0
C101181,2021-11-27,55,Mensal,Online,Norte,23.75,3.09,0,0,27,0
C101182,2021-08-21,41,Anual,Loja,Alentejo,32.56,5.92,2,0,9,0
C101183,2023-01-09,27,Mensal,Loja,Centro,22.59,0.77,1,0,1,0
C101184,2022-11-22,25,Mensal,Online,Norte,25.78,2.76,1,0,64,0
C101185,2022-09-24,19,Mensal,Online,Ilhas,26.96,3.29,0,1,48,0
C101186,2021-03-16,9,Mensal,Online,Centro,23.54,1.62,0,1,4,0
C101187,2021-08-13,36,Trimestral,Parceiro,Algarve,23.58,2.85,1,0,26,0
C101188,2021-07-16,34,Mensal,Online,Lisboa,30.85,0.24,0,0,16,1
C101189,2022-10-03,1,Mensal,Online,Alentejo,22.27,5.06,0,0,-9,0
C101190,2023-03-15,25,Anual,Online,Lisboa,38.74,1.71,1,0,30,0
C101191,2021-12-08,17,Mensal,Online,Centro,24.66,6.05,0,0,13,0
C101192,2021-10-25,11,Mensal,Online,Algarve,54.48,2.75,0,0,-4,0
C101193,2022-05-17,42,Trimestral,Loja,Algarve,28.39,4.44,0,0,-19,0
C101194,2023-06-08,32,Trimestral,Online,Centro,32.58,2.71,0,1,-22,1
C101195,2021-11-30,38,Trimestral,Online,Algarve,21.64,2.75,0,0,14,0
C101196,2021-09-08,43,Mensal,Online,Lisboa,45.65,1.87,2,0,22,0
C101197,2022-04-15,58,Mensal,Online,Algarve,40.96,2.99,0,0,-1,0
C101198,2023-04-05,48,Mensal,Online,Algarve,34.38,3.31,0,1,45,1
C101199,2022-10-19,37,Mensal,Loja,Norte,21.23,1.55,0,0,23,0
